"id";"name";"status";"ok";"type";"url"
"979";"2013 aerial imagery for San Juan County WA";"HTTPConnectionPool(host='sjcgis.org', port=80): Max retries exceeded with url: / (Caused by NewConnectionError('<requests.packages.urllib3.connection.HTTPConnection object at 0x0247C9F0>: Failed to establish a new connection: [Errno 10060] \xcf\xee\xef\xfb\xf2\xea\xe0 \xf3\xf1\xf2\xe0\xed\xee\xe2\xe8\xf2\xfc \xf1\xee\xe5\xe4\xe8\xed\xe5\xed\xe8\xe5 \xe1\xfb\xeb\xe0 \xe1\xe5\xe7\xf3\xf1\xef\xe5\xf8\xed\xee\xe9, \xf2.\xea. \xee\xf2 \xe4\xf0\xf3\xe3\xee\xe3\xee \xea\xee\xec\xef\xfc\xfe\xf2\xe5\xf0\xe0 \xe7\xe0 \xf2\xf0\xe5\xe1\xf3\xe5\xec\xee\xe5 \xe2\xf0\xe5\xec\xff \xed\xe5 \xef\xee\xeb\xf3\xf7\xe5\xed \xed\xf3\xe6\xed\xfb\xe9 \xee\xf2\xea\xeb\xe8\xea, \xe8\xeb\xe8 \xe1\xfb\xeb\xee \xf0\xe0\xe7\xee\xf0\xe2\xe0\xed\xee \xf3\xe6\xe5 \xf3\xf1\xf2\xe0\xed\xee\xe2\xeb\xe5\xed\xed\xee\xe5 \xf1\xee\xe5\xe4\xe8\xed\xe5\xed\xe8\xe5 \xe8\xe7-',))";"BAD";"tms";"http://sjcgis.org/arcgis/rest/services/Basemaps/Aerials_2013_WM/MapServer/tile/{z}/{y}/{x}"
"929";"20cm ortho - Coastline";"200";"GOOD";"wms";"http://www.gisnet.lv/cgi-bin/osm_latvia"
"576";"4UMaps";"403";"BAD";"tms";"http://tileserver.4umaps.eu/{z}/{x}/{y}.png"
"930";"50cm ortho - Latvia";"200";"GOOD";"wms";"http://www.gisnet.lv/cgi-bin/osm_latvia"
"810";"7th Series (OS7)";"200";"GOOD";"tms";"http://ooc.openstreetmap.org/os7/{z}/{x}/{y}.jpg"
"649";"AGRI black-and-white 2.5m";"200";"GOOD";"tms";"http://agri.openstreetmap.org/{z}/{x}/{y}.png"
"533";"Air Monitoring Stations GeoJSON";"302";"BAD";"geojson";"http://data.phl.opendata.arcgis.com/datasets/1839b35258604422b0b520cbb668df0d_0.geojson"
"575";"Alberding (sorbian)";"200";"GOOD";"tms";"http://map.dgpsonline.eu/osmsb/{z}/{x}/{y}.png"
"634";"Apple iPhoto";"404";"BAD";"tms";"http://gsp2.apple.com/tile?api=1&style=slideshow&layers=default&v=9&z={z}&x={x}&y={y}"
"638";"Australia - New South Wales - Topographic";"200";"GOOD";"tms";"http://maps.six.nsw.gov.au/arcgis/rest/services/public/NSW_Base_Map/MapServer/tile/{z}/{y}/{x}"
"645";"Australia - Queensland - Property";"302";"BAD";"wms";"https://gisservices.information.qld.gov.au/arcgis/services/PlanningCadastre/LandParcelPropertyFramework/MapServer/WMSServer?request=GetCapabilities&service=WMS"
"637";"Australia - Tasmania LIST Orthophoto";"302";"BAD";"tms";"http://services.thelist.tas.gov.au/arcgis/rest/services/Basemaps/Orthophoto/MapServer/tile/{z}/{y}/{x}"
"636";"Australia - Tasmania LIST Topographic";"302";"BAD";"tms";"http://services.thelist.tas.gov.au/arcgis/rest/services/Basemaps/Topographic/MapServer/tile/{z}/{y}/{x}"
"644";"Australia - Tasmania LIST WFS Service";"302";"BAD";"wfs";"http://services.thelist.tas.gov.au/arcgis/services/Public/OpenDataWFS/MapServer/WFSServer?request=GetCapabilities&service=WFS"
"639";"Australia - Whole Country - 250K NATMAP (2008)";"200";"GOOD";"tms";"http://www.ga.gov.au/gisimg/rest/services/topography/NATMAP_Digital_Maps_250K_2008Edition_WM/MapServer/tile/{z}/{y}/{x}"
"640";"Australia - Whole Country - NationalMap Colour Topographic Base Map";"200";"GOOD";"tms";"http://services.ga.gov.au/gis/rest/services/NationalMap_Colour_Topographic_Base_World_WM/MapServer/tile/{z}/{y}/{x}"
"617";"AutoNavi Annotation";"302";"BAD";"tms";"http://webst01.is.autonavi.com/appmaptile?lang=zh_cn&size=1&scale=1&style=8&x={x}&y={y}&z={z}"
"618";"AutoNavi BaseMap";"302";"BAD";"tms";"http://webrd01.is.autonavi.com/appmaptile?lang=zh_cn&size=1&scale=1&style=8&x={x}&y={y}&z={z}"
"619";"AutoNavi Satellite";"302";"BAD";"tms";"http://webst01.is.autonavi.com/appmaptile?lang=zh_cn&size=1&scale=1&style=6&x={x}&y={y}&z={z}"
"733";"basemap.at";"302";"BAD";"tms";"https://maps1.wien.gv.at/basemap/geolandbasemap/normal/google3857/{z}/{y}/{x}.png"
"734";"basemap.at Orthofoto";"302";"BAD";"tms";"https://maps1.wien.gv.at/basemap/bmaporthofoto30cm/normal/google3857/{z}/{y}/{x}.jpeg"
"924";"Basemap geoportail.lu";"200";"GOOD";"tms";"https://wmts3.geoportail.lu/opendata/wmts/basemap/GLOBAL_WEBMERCATOR_4_V3/{z}/{x}/{y}.png"
"772";"Bavaria (2 m)";"200";"GOOD";"wms";"http://geodaten.bayern.de/ogc/ogc_dop200_oa.cgi"
"773";"Bavaria DOP 80cm";"200";"GOOD";"tms";"http://mapproxy.osm.ch:8080/tiles/BAYERNDOP80/EPSG900913/{z}/{x}/{y}.png?origin=nw"
"916";"Belgium AGIV GRB Flanders";"200";"GOOD";"tms";"http://tile.informatievlaanderen.be/ws/raadpleegdiensten/wmts?SERVICE=WMTS&REQUEST=GetTile&VERSION=1.0.0&LAYER=grb_bsk&STYLE=&FORMAT=image/png&tileMatrixSet=GoogleMapsVL&tileMatrix={z}&tileRow={y}&tileCol={x}"
"917";"Belgium AGIV Orthophoto Flanders";"200";"GOOD";"tms";"http://tile.informatievlaanderen.be/ws/raadpleegdiensten/wmts?SERVICE=WMTS&REQUEST=GetTile&VERSION=1.0.0&LAYER=omwrgbmrvl&STYLE=&FORMAT=image/png&tileMatrixSet=GoogleMapsVL&tileMatrix={z}&tileRow={y}&tileCol={x}"
"914";"Benin: Cotonou Pleiade 2016";"200";"GOOD";"tms";"http://geoxxx.agrocampus-ouest.fr/owsifl/gwc/service/wmts?SERVICE=WMTS&REQUEST=GetTile&VERSION=1.0.0&LAYER=Benin:cotonou_pleiade_2016&STYLE=&FORMAT=image/jpeg&tileMatrixSet=EPSG:3857&tileMatrix=EPSG:3857:{z}&tileRow={y}&tileCol={x}"
"494";"bergfex oek";"403";"BAD";"tms";"http://maps.bergfex.at/oek/standard/{z}/{x}/{y}.jpg"
"486";"bergfex osm";"403";"BAD";"tms";"http://maps.bergfex.at/osm/standard/{z}/{x}/{y}.jpg"
"1069";"BHUVAN";"200";"GOOD";"wms";"http://bhuvan5.nrsc.gov.in/bhuvan/wms"
"679";"Bing Satellite";"405";"BAD";"tms";"http://bing.com/maps/default.aspx?cp={x}~{y}&lvl={z}&style=r"
"564";"Boundary of Russia with Crimea";"200";"GOOD";"geojson";"http://datahub.nextgis.com/api/resource/57/geojson"
"942";"British Columbia Mosaic";"200";"GOOD";"tms";"http://a.imagery.paulnorman.ca/tiles/bc_mosaic/{z}/{x}/{y}.png"
"925";"Cadastre geoportail.lu";"200";"GOOD";"tms";"https://wmts3.geoportail.lu/opendata/wmts/cadastre/GLOBAL_WEBMERCATOR_4_V3/{z}/{x}/{y}.png"
"712";"Cambodia, Laos, Thailand, Vietnam, Myanmar bilingual";"200";"GOOD";"tms";"http://a.tile.osm-tools.org/osm_then/{z}/{x}/{y}.png"
"749";"Canton de Fribourg 50cm (2005)";"200";"GOOD";"wms";"http://geo.fr.ch/wms/orthophoto_2005_fribourg.php"
"750";"Canton de Génève 5cm (SITG 2011)";"301";"BAD";"wms";"http://etat.geneve.ch/ags2/services/Orthophotos_2011/MapServer/WMSServer"
"751";"Canton de Neuchâtel 50cm (SITN 2006)";"200";"GOOD";"wms";"http://sitn.ne.ch/ogc-sitn-open/wms"
"752";"Canton du Jura 50cm (RCJU 1998)";"200";"GOOD";"wms";"http://sitn.ne.ch/ogc-sitj-ortho/wms"
"943";"Canvec";"200";"GOOD";"wms";"http://wms.sst-sw.rncan.gc.ca/wms/toporama_fr"
"789";"Catastro Spain";"200";"GOOD";"wms";"http://ovc.catastro.meh.es/Cartografia/WMS/ServidorWMS.aspx"
"588";"Chepetsk.net";"404";"BAD";"tms";"http://ingreelab.net/C04AF0B62BEC112E8D7242FB848631D12D252728/{z}/{x}/{y}.png"
"707";"City of Cape Town 2013 Aerial";"200";"GOOD";"tms";"http://a.coct.aerial.openstreetmap.org.za/layer/za_coct_aerial_2013/{z}/{x}/{y}.jpg"
"708";"City of Cape Town 2015 Aerial";"200";"GOOD";"tms";"http://a.coct.aerial.openstreetmap.org.za/layer/za_coct_aerial_2015/{z}/{x}/{y}.jpg"
"795";"CRAIG - Auvergne 2013 - 25 cm";"200";"GOOD";"tms";"http://tiles.craig.fr/osm/tms/1.0.0/ortho_2013/webmercator/{z-1}/{x}/{-y}.jpeg"
"768";"Czech CUZK:KM";"200";"GOOD";"wms";"http://wms.cuzk.cz/wms.asp"
"769";"Czech CUZK:KM tiles proxy";"301";"BAD";"tms";"http://osm-a.zby.cz/tiles_cuzk.php/{z}/{x}/{y}.png"
"1064";"Czech Republic INSPIRE geo-portal TOPO background";"301";"BAD";"tms";"http://geoportal.gov.cz/ArcGIS/services/CENIA/cenia_t_podklad/MapServer/WMSServer?service=WMS&request=GetCapabilities&version=1.3.0"
"770";"Czech RUIAN budovy";"200";"GOOD";"tms";"http://tile.poloha.net/budovy/{z}/{x}/{y}.png"
"771";"Czech RUIAN parcely";"200";"GOOD";"tms";"http://tile.poloha.net/parcely/{z}/{x}/{y}.png"
"899";"Danube flood ortophoto 2013";"200";"GOOD";"tms";"http://e.tile.openstreetmap.hu/dunai-arviz-2013/{z}/{x}/{y}.jpg"
"529";"Dark Matter";"403";"BAD";"tms";"http://a.basemaps.cartocdn.com/dark_all/{z}/{x}/{y}.png"
"472";"Dark Matter [no labels]";"403";"BAD";"tms";"http://a.basemaps.cartocdn.com/dark_nolabels/{z}/{x}/{y}.png"
"481";"Dark Matter [no labels] (retina)";"403";"BAD";"tms";"http://a.basemaps.cartocdn.com/dark_nolabels/{z}/{x}/{y}@2x.png"
"482";"Dark Matter (retina)";"403";"BAD";"tms";"http://a.basemaps.cartocdn.com/dark_all/{z}/{x}/{y}@2x.png"
"969";"Delaware 2012 Orthophotography";"200";"GOOD";"tms";"http://whoots.mapwarper.net/tms/{z}/{x}/{y}/0/https://firstmap.delaware.gov/arcgis/services/DE_Imagery/DE_Imagery_2012/ImageServer/WMSServer"
"532";"EGIP Satellite";"200";"GOOD";"tms";"http://apiatlas.mos.ru/arcgis/rest/services/Basemaps/egip_sat/MapServer/tile/{z}/{x}/{y}"
"1042";"Emergency rooms from Openfiremap";"200";"GOOD";"tms";"http://openfiremap.org/eytiles/{z}/{x}/{y}.png"
"661";"Enisey-GIS ESPG:28416 Dark Russian";"200";"GOOD";"wms";"http://map.24bpd.ru/geowebcache/service/wms"
"658";"Enisey-GIS ESPG:28416 Light Russian";"200";"GOOD";"wms";"http://map.24bpd.ru/geowebcache/service/wms"
"659";"Enisey-GIS ESPG:3857 Dark Russian";"200";"GOOD";"wms";"http://map.24bpd.ru/geowebcache/service/wms"
"662";"Enisey-GIS ESPG:3857 Light Russian";"200";"GOOD";"wms";"http://map.24bpd.ru/geowebcache/service/wms"
"775";"Erlangen Luftbild (2011 5,0 cm)";"200";"GOOD";"wms";"https://secure.erlangen.de/arcgiser/services/Luftbilder2011/MapServer/WmsServer"
"774";"Erlangen Luftbild (2013 6,25 cm)";"200";"GOOD";"wms";"https://secure.erlangen.de/arcgiser/services/Luftbilder2013/MapServer/WmsServer"
"776";"Erlangen Luftbild (2016 5,0 cm)";"200";"GOOD";"wms";"https://secure.erlangen.de/arcgiser/services/Luftbild2016/MapServer/WmsServer"
"502";"ESRI Boundaries&Places";"301";"BAD";"tms";"https://server.arcgisonline.com/ArcGIS/rest/services/Reference/World_Boundaries_and_Places/MapServer/tile/{z}/{y}/{x}"
"480";"ESRI Gray (dark)";"301";"BAD";"tms";"http://services.arcgisonline.com/ArcGIS/rest/services/Canvas/World_Dark_Gray_Base/MapServer/tile/{z}/{y}/{x}"
"462";"ESRI Gray (light)";"301";"BAD";"tms";"http://services.arcgisonline.com/ArcGIS/rest/services/Canvas/World_Light_Gray_Base/MapServer/tile/{z}/{y}/{x}"
"499";"ESRI National Geographic";"301";"BAD";"tms";"http://services.arcgisonline.com/ArcGIS/rest/services/NatGeo_World_Map/MapServer/tile/{z}/{y}/{x}"
"477";"ESRI Ocean";"301";"BAD";"tms";"https://services.arcgisonline.com/ArcGIS/rest/services/Ocean/World_Ocean_Base/MapServer/tile/{z}/{y}/{x}"
"497";"ESRI Physical";"301";"BAD";"tms";"https://server.arcgisonline.com/ArcGIS/rest/services/World_Physical_Map/MapServer/tile/{z}/{y}/{x}"
"467";"ESRI Reference Overlay";"301";"BAD";"tms";"https://server.arcgisonline.com/ArcGIS/rest/services/Reference/World_Reference_Overlay/MapServer/tile/{z}/{y}/{x}"
"496";"ESRI Satellite";"301";"BAD";"tms";"https://server.arcgisonline.com/ArcGIS/rest/services/World_Imagery/MapServer/tile/{z}/{y}/{x}"
"473";"ESRI Shaded Relief";"301";"BAD";"tms";"https://server.arcgisonline.com/ArcGIS/rest/services/World_Shaded_Relief/MapServer/tile/{z}/{y}/{x}"
"510";"ESRI Standard";"301";"BAD";"tms";"https://server.arcgisonline.com/ArcGIS/rest/services/World_Street_Map/MapServer/tile/{z}/{y}/{x}"
"520";"ESRI Terrain";"301";"BAD";"tms";"https://server.arcgisonline.com/ArcGIS/rest/services/World_Terrain_Base/MapServer/tile/{z}/{y}/{x}"
"519";"ESRI Topo";"301";"BAD";"tms";"http://services.arcgisonline.com/ArcGIS/rest/services/World_Topo_Map/MapServer/tile/{z}/{y}/{x}"
"475";"ESRI Transportation";"301";"BAD";"tms";"https://server.arcgisonline.com/ArcGIS/rest/services/Reference/World_Transportation/MapServer/tile/{z}/{y}/{x}"
"693";"ESRI World Dark Gray Base";"301";"BAD";"wms";"http://services.arcgisonline.com/ArcGIS/rest/services/Canvas/World_Dark_Gray_Base/MapServer/tile/{z}/{y}/{x}"
"784";"Estonia Basemap (Maaamet)";"302";"BAD";"wms";"http://kaart.maaamet.ee/wms/alus-geo"
"785";"Estonia Forestry (Maaamet)";"302";"BAD";"wms";"http://kaart.maaamet.ee/wms/alus-geo"
"786";"Estonia Hillshading (Maaamet)";"302";"BAD";"wms";"http://kaart.maaamet.ee/wms/alus-geo"
"787";"Estonia Ortho (Maaamet)";"200";"GOOD";"tms";"http://kaart.maakaart.ee/orto/{z}/{x}/{y}.jpeg"
"788";"Estonia Ortho (Maaamet) WMS";"302";"BAD";"wms";"http://kaart.maaamet.ee/wms/alus-geo"
"691";"Fairfax County Address Points";"200";"GOOD";"geojson";"https://opendata.arcgis.com/datasets/b4718671c95d456ebc38bf7b784d7602_0.geojson"
"686";"Fairfax County Households";"302";"BAD";"geojson";"http://data.fairfaxcountygis.opendata.arcgis.com/datasets/6b11da4a036049b89e656db6fe834621_0.geojson"
"683";"Fairfax County Parcels";"502";"BAD";"geojson";"https://opendata.arcgis.com/datasets/8544eaeb815b4c41bdd6f3c23be51353_0.geojson"
"685";"Fairfax County Tax Administration's Real Estate - Parcels Data";"200";"GOOD";"geojson";"https://opendata.arcgis.com/datasets/7607cf5046c5495183251d1c9dba0014_1.geojson"
"684";"Fairfax County Zoning";"200";"GOOD";"geojson";"https://opendata.arcgis.com/datasets/9e111a7ccbc54e7db10ece2d8d215e54_1.geojson"
"553";"Federal districts of Russia";"200";"GOOD";"geojson";"http://datahub.nextgis.com/api/resource/52/geojson"
"590";"Federal Nature Preserves of Russia (Zakazniks)";"200";"GOOD";"geojson";"http://datahub.nextgis.com/api/resource/78/geojson"
"1041";"Fire Hydrants from Openfiremap";"200";"GOOD";"tms";"http://openfiremap.org/hytiles/{z}/{x}/{y}.png"
"900";"FÖMI ortofotó 2000";"200";"GOOD";"tms";"http://e.tile.openstreetmap.hu/ortofoto2000/{z}/{x}/{y}.jpg"
"901";"FÖMI ortofotó 2005";"200";"GOOD";"tms";"http://e.tile.openstreetmap.hu/ortofoto2005/{z}/{x}/{y}.jpg"
"796";"FR-BAN";"200";"GOOD";"tms";"http://a.layers.openstreetmap.fr/bano/{z}/{x}/{y}.png"
"797";"FR-Cadastre";"200";"GOOD";"tms";"http://tms.cadastre.openstreetmap.fr/*/tout/{z}/{x}/{y}.png"
"936";"Freemap.sk Car";"200";"GOOD";"tms";"http://t1.freemap.sk/A/{z}/{x}/{y}.jpeg"
"937";"Freemap.sk Cyclo";"200";"GOOD";"tms";"http://t1.freemap.sk/C/{z}/{x}/{y}.jpeg"
"938";"Freemap.sk Hiking";"200";"GOOD";"tms";"http://t1.freemap.sk/T/{z}/{x}/{y}.jpeg"
"939";"Freemap.sk Ski";"200";"GOOD";"tms";"http://t1.freemap.sk/K/{z}/{x}/{y}.jpeg"
"478";"Genshtab 250m";"200";"GOOD";"tms";"http://91.237.82.95:8088/pub/genshtab/250m/z{z}/0/x{x}/0/y{y}.jpg"
"509";"Genshtab 500m";"HTTPConnectionPool(host='91.237.82.95', port=8082): Max retries exceeded with url: / (Caused by NewConnectionError('<requests.packages.urllib3.connection.HTTPConnection object at 0x024A23D0>: Failed to establish a new connection: [Errno 10061] \xcf\xee\xe4\xea\xeb\xfe\xf7\xe5\xed\xe8\xe5 \xed\xe5 \xf3\xf1\xf2\xe0\xed\xee\xe2\xeb\xe5\xed\xee,',))";"BAD";"tms";"http://91.237.82.95:8082/ggc500m/{z}/{x}/{y}.png"
"498";"Genshtab (in7ane.com)";"200";"GOOD";"tms";"http://www.in7ane.com/topomaps/tiles/{z}/{x}/{y}.jpg"
"944";"Geobase Hydrography";"200";"GOOD";"wms";"http://ows.geobase.ca/wms/geobase_en"
"945";"Geobase Roads";"200";"GOOD";"wms";"http://ows.geobase.ca/wms/geobase_en"
"1077";"GeoBC Orthophoto Web Map Service";"200";"GOOD";"wms";"https://openmaps.gov.bc.ca/lzt/ows?service=wms&version=1.1.1&request=getcapabilities"
"802";"Géobretagne - Brest 2010 - 10 cm";"301";"BAD";"wms";"http://geobretagne.fr/wmsouvert"
"803";"Géobretagne - Morbihan 2010";"301";"BAD";"wms";"http://geobretagne.fr/wmsouvert"
"781";"Geodatastyrelsen (Denmark)";"200";"GOOD";"tms";"http://osmtools.septima.dk/mapproxy/tiles/1.0.0/kortforsyningen_ortoforaar/EPSG3857/{z}/{x}/{y}.jpeg"
"562";"Geofabrik Water";"200";"GOOD";"wms";"http://tools.geofabrik.de/osmi/view/water/wxs?VERSION=1.1.1&"
"735";"Geoimage.at MaxRes";"200";"GOOD";"wms";"http://gis.lebensministerium.at/wmsgw/"
"798";"Géolittoral - Orthophotos 2000";"200";"GOOD";"wms";"http://geolittoral.application.developpement-durable.gouv.fr/wms2/metropole"
"799";"Géolittoral - Sentiers";"200";"GOOD";"wms";"http://geolittoral.application.developpement-durable.gouv.fr/wms2/metropole"
"801";"Géolittoral V2 - Orthophotos 2011-2014";"200";"GOOD";"wms";"http://geolittoral.application.developpement-durable.gouv.fr/wms2/metropole"
"932";"Geoportal.gov.pl (Orthophotomap)";"200";"GOOD";"tms";"http://wms.misek.pl/geoportal.orto/tms/{z}/{x}/{y}"
"626";"GeoQ Cold";"200";"GOOD";"tms";"http://map.geoq.cn/ArcGIS/rest/services/ChinaOnlineStreetCold/MapServer/tile/{z}/{y}/{x}"
"627";"GeoQ Color";"200";"GOOD";"tms";"http://map.geoq.cn/ArcGIS/rest/services/ChinaOnlineStreetColor/MapServer/tile/{z}/{y}/{x}"
"628";"GeoQ Gray";"200";"GOOD";"tms";"http://map.geoq.cn/ArcGIS/rest/services/ChinaOnlineStreetGray/MapServer/tile/{z}/{y}/{x}"
"629";"GeoQ Map";"200";"GOOD";"tms";"http://map.geoq.cn/ArcGIS/rest/services/ChinaOnlineCommunity/MapServer/tile/{z}/{y}/{x}"
"630";"GeoQ PurplishBlue";"200";"GOOD";"tms";"http://map.geoq.cn/ArcGIS/rest/services/ChinaOnlineStreetPurplishBlue/MapServer/tile/{z}/{y}/{x}"
"631";"GeoQ Warm";"200";"GOOD";"tms";"http://map.geoq.cn/ArcGIS/rest/services/ChinaOnlineStreetWarm/MapServer/tile/{z}/{y}/{x}"
"1026";"GLAD Alert forest loss 2016";"200";"GOOD";"tms";"http://glad.geog.umd.edu/alarm/4C_2016_loss_mobile/{z}/{x}/{y}.png"
"1028";"GLAD Alert forest loss 2017";"200";"GOOD";"tms";"http://glad.geog.umd.edu/alarm/4C_2017_loss_mobile/{z}/{x}/{y}.png"
"1027";"GLAD Alert last Landsat composite image 2016";"200";"GOOD";"tms";"http://glad.geog.umd.edu/alarm/4C_2016_last_mobile/{z}/{x}/{y}.png"
"1029";"GLAD Alert last Landsat composite image 2017";"200";"GOOD";"tms";"http://glad.geog.umd.edu/alarm/4C_2017_last_mobile/{z}/{x}/{y}.png"
"666";"Global Surface Summary of the Day";"301";"BAD";"wms";"https://gis.ncdc.noaa.gov/arcgis/services/cdo/gsod/MapServer/WMSServer"
"668";"Global Surface Summary of the Month";"301";"BAD";"wms";"https://gis.ncdc.noaa.gov/arcgis/services/cdo/gsom/MapServer/WMSServer"
"632";"Google.cn Normal";"200";"GOOD";"tms";"http://www.google.cn/maps/vt?lyrs=m@189&gl=cn&x={x}&y={y}&z={z}"
"678";"Google Satellite";"404";"BAD";"tms";"https://mt1.google.com/vt/lyrs=s&x={x}&y={y}&z={z}"
"790";"GRAFCAN - Canary Islands";"200";"GOOD";"wms";"http://idecan1.grafcan.es/ServicioWMS/OrtoUrb"
"736";"Graz: Basiskarte (base map)";"302";"BAD";"wms";"http://geodaten1.graz.at/ArcGIS_Graz/services/Extern/BASISKARTE_WMS/MapServer/WMSServer"
"777";"Hamburg (40 cm)";"200";"GOOD";"wms";"http://geodienste-hamburg.de/HH_WMS_DOP40"
"778";"Hamburg (DK5)";"200";"GOOD";"wms";"http://geodienste-hamburg.de/HH_WMS_Geobasisdaten"
"753";"HEIG-VD / Orthophoto Yverdon-les-Bains 25cm (2007)";"HTTPConnectionPool(host='ogc.heig-vd.ch', port=80): Max retries exceeded with url: / (Caused by NewConnectionError('<requests.packages.urllib3.connection.HTTPConnection object at 0x024A23F0>: Failed to establish a new connection: [Errno 10060] \xcf\xee\xef\xfb\xf2\xea\xe0 \xf3\xf1\xf2\xe0\xed\xee\xe2\xe8\xf2\xfc \xf1\xee\xe5\xe4\xe8\xed\xe5\xed\xe8\xe5 \xe1\xfb\xeb\xe0 \xe1\xe5\xe7\xf3\xf1\xef\xe5\xf8\xed\xee\xe9, \xf2.\xea. \xee\xf2 \xe4\xf0\xf3\xe3\xee\xe3\xee \xea\xee\xec\xef\xfc\xfe\xf2\xe5\xf0\xe0 \xe7\xe0 \xf2\xf0\xe5\xe1\xf3\xe5\xec\xee\xe5 \xe2\xf0\xe5\xec\xff \xed\xe5 \xef\xee\xeb\xf3\xf7\xe5\xed \xed\xf3\xe6\xed\xfb\xe9 \xee\xf2\xea\xeb\xe8\xea, \xe8\xeb\xe8 \xe1\xfb\xeb\xee \xf0\xe0\xe7\xee\xf0\xe2\xe0\xed\xee \xf3\xe6\xe5 \xf3\xf1\xf2\xe0\xed\xee\xe2\xeb\xe5\xed\xed\xee\xe5 \xf1\xee\xe5\xe4\xe8\xed\xe5\xed\xe8\xe5 \xe8\xe7-',))";"BAD";"wms";"http://ogc.heig-vd.ch/mapserver/wms"
"633";"HERE hybridDay";"400";"BAD";"tms";"http://1.aerial.maps.cit.api.here.com/maptile/2.1/maptile/newest/hybrid.day/{z}/{x}/{y}/256/png8?app_id=oenPwMCqbQkUSqj1WhRx&app_code=kBxLcdTofTHUlsT7tl2X5w&lg=eng"
"669";"Hike Bike Map";"200";"GOOD";"tms";"http://a.tiles.wmflabs.org/hikebike/{z}/{x}/{y}.png"
"673";"Hike Bike Map' SRTM Hillshading Underlay";"200";"GOOD";"tms";"http://b.tiles.wmflabs.org/hillshading/{z}/{x}/{y}.png"
"981";"IBGE Distrito Federal";"200";"GOOD";"tms";"https://api.mapbox.com/styles/v1/wille/cirnnxni1000jg8nfppc8g7pm/tiles/256/{z}/{x}/{y}?access_token=pk.eyJ1Ijoid2lsbGUiLCJhIjoicFNVWk5VWSJ9.hluCd0YGvYHNlFi_utWe2g"
"982";"IBGE Mapa de Setores Rurais";"200";"GOOD";"tms";"http://a.tiles.mapbox.com/v4/tmpsantos.i00mo1kj/{z}/{x}/{y}.png?access_token=pk.eyJ1Ijoib3BlbnN0cmVldG1hcCIsImEiOiJncjlmd0t3In0.DmZsIeOW-3x-C5eX-wAqTw"
"983";"IBGE Mapa de Setores Urbanos";"200";"GOOD";"tms";"http://a.tiles.mapbox.com/v4/tmpsantos.hgda0m6h/{z}/{x}/{y}.png?access_token=pk.eyJ1Ijoib3BlbnN0cmVldG1hcCIsImEiOiJncjlmd0t3In0.DmZsIeOW-3x-C5eX-wAqTw"
"791";"IDEIB - Balearic Islands";"200";"GOOD";"wms";"http://ideib.caib.es/pub_ideib/public/IMATGES_AERIES/MapServer/WMSServer"
"597";"IGEO CAOP Concelhos Continente 2016";"200";"GOOD";"wms";"http://www.igeo.pt/WMS/CAOP/Continente"
"598";"IGEO CAOP Freguesias Continente 2016";"200";"GOOD";"wms";"http://www.igeo.pt/WMS/CAOP/Continente"
"599";"IGEO COS 2007";"200";"GOOD";"wms";"http://mapas.dgterritorio.pt/wms/cos2007v0n5"
"613";"IGEO MDT 50M";"200";"GOOD";"wms";"http://www.igeo.pt/WMS/Cartografia/MDT50M"
"600";"IGEO Risco Incendio 2011";"200";"GOOD";"wms";"http://www.igeo.pt/WMS/Cartografia/CRIF"
"601";"IGEO Risco Incendio Distancia Bombeiros";"200";"GOOD";"wms";"http://www.igeo.pt/WMS/Cartografia/CRIF"
"602";"IGEO Risco Incendio Pontos de Agua";"200";"GOOD";"wms";"http://www.igeo.pt/WMS/Cartografia/CRIF"
"604";"IGEO Risco Incendio Postos de Vigia";"200";"GOOD";"wms";"http://www.igeo.pt/WMS/Cartografia/CRIF"
"603";"IGEO Risco Incendio Prioridades Vigilancia";"200";"GOOD";"wms";"http://www.igeo.pt/WMS/Cartografia/CRIF"
"605";"IGEO Series Cartograficas e Ortos DGRF";"200";"GOOD";"wms";"http://mapas.igeo.pt/wms/produtos"
"606";"IGEO Series Cartograficas e Ortos DGRF IV";"200";"GOOD";"wms";"http://mapas.igeo.pt/wms/produtos"
"961";"Imagerie Drone (Haiti)";"200";"GOOD";"tms";"http://wms.openstreetmap.fr/tms/1.0.0/iomhaiti/{z}/{x}/{y}"
"718";"imagico.de OSM images for mapping: Adams Bridge";"200";"GOOD";"tms";"http://imagico.de/map/osmim_tiles.php?layer=S2A_R119_N09_20160327T050917&z={z}&x={x}&y={-y}"
"976";"imagico.de OSM images for mapping: Alaska Range";"200";"GOOD";"tms";"http://imagico.de/map/osmim_tiles.php?layer=LC80700162014211LGN00&z={z}&x={x}&y={-y}"
"714";"imagico.de OSM images for mapping: Bakun Reservoir";"200";"GOOD";"tms";"http://imagico.de/map/osmim_tiles.php?layer=LC81190582014075LGN00&z={z}&x={x}&y={-y}"
"715";"imagico.de OSM images for mapping: Batam";"200";"GOOD";"tms";"http://imagico.de/map/osmim_tiles.php?layer=LC81250592016107LGN00&z={z}&x={x}&y={-y}"
"941";"imagico.de OSM images for mapping: Bouvet Island";"200";"GOOD";"tms";"http://imagico.de/map/osmim_tiles.php?layer=LC81800982013291LGN00&z={z}&x={x}&y={-y}"
"767";"imagico.de OSM images for mapping: Cental Alps in late September 2016";"200";"GOOD";"tms";"http://imagico.de/map/osmim_tiles.php?layer=S2A_R065_N47_20160929T102022&z={z}&x={x}&y={-y}"
"993";"imagico.de OSM images for mapping: Clerke Rocks";"200";"GOOD";"tms";"http://imagico.de/map/osmim_tiles.php?layer=LC82050982015344LGN00&z={z}&x={x}&y={-y}"
"997";"imagico.de OSM images for mapping: Coropuna";"200";"GOOD";"tms";"http://imagico.de/map/osmim_tiles.php?layer=EO1A0040712016264110KF&z={z}&x={x}&y={-y}"
"700";"imagico.de OSM images for mapping: Cotonou";"200";"GOOD";"tms";"http://imagico.de/map/osmim_tiles.php?layer=S2A_R022_N06_20151221T103009&z={z}&x={x}&y={-y}"
"989";"imagico.de OSM images for mapping: Darwin and Wolf islands, Galapagos";"200";"GOOD";"tms";"http://imagico.de/map/osmim_tiles.php?layer=S2A_R040_N01_20160311T164128&z={z}&x={x}&y={-y}"
"949";"imagico.de OSM images for mapping: Eastern Devon Island coast";"200";"GOOD";"tms";"http://imagico.de/map/osmim_tiles.php?layer=LC80360072014245LGN00&z={z}&x={x}&y={-y}"
"907";"imagico.de OSM images for mapping: Eastern Iceland";"200";"GOOD";"tms";"http://imagico.de/map/osmim_tiles.php?layer=LC82160152013239LGN00&z={z}&x={x}&y={-y}"
"988";"imagico.de OSM images for mapping: El Altar";"200";"GOOD";"tms";"http://imagico.de/map/osmim_tiles.php?layer=AST_L1T_00302052007154424_20150518041444_91492&z={z}&x={x}&y={-y}"
"711";"imagico.de OSM images for mapping: Elephant Island/Clarence Island";"200";"GOOD";"tms";"http://imagico.de/map/osmim_tiles.php?layer=S2A_R009_S61_20160109&z={z}&x={x}&y={-y}"
"701";"imagico.de OSM images for mapping: Fogo, Cape Verde";"200";"GOOD";"tms";"http://imagico.de/map/osmim_tiles.php?layer=LC82100502015347LGN00&z={z}&x={x}&y={-y}"
"957";"imagico.de OSM images for mapping: Greenland mosaic";"200";"GOOD";"tms";"http://imagico.de/map/osmim_tiles.php?layer=greenland&z={z}&x={x}&y={-y}"
"729";"imagico.de OSM images for mapping: Heard Island coast";"200";"GOOD";"tms";"http://imagico.de/map/osmim_tiles.php?layer=S2A_R047_S54_20160411T044330&z={z}&x={x}&y={-y}"
"986";"imagico.de OSM images for mapping: Isla Londonderry";"200";"GOOD";"tms";"http://imagico.de/map/osmim_tiles.php?layer=LC82280982013259LGN00&z={z}&x={x}&y={-y}"
"933";"imagico.de OSM images for mapping: Kerch Strait";"200";"GOOD";"tms";"http://imagico.de/map/osmim_tiles.php?layer=S2A_R021_N44_20160807T083013&z={z}&x={x}&y={-y}"
"959";"imagico.de OSM images for mapping: Landsat off-nadir July 2016";"200";"GOOD";"tms";"http://imagico.de/map/osmim_tiles.php?layer=ls_polar2&z={z}&x={x}&y={-y}"
"990";"imagico.de OSM images for mapping: Leskov Island ASTER";"200";"GOOD";"tms";"http://imagico.de/map/osmim_tiles.php?layer=AST_L1T_00311162013112731_20150618142416_109190&z={z}&x={x}&y={-y}"
"992";"imagico.de OSM images for mapping: Leskov Island Landsat";"200";"GOOD";"tms";"http://imagico.de/map/osmim_tiles.php?layer=LC81991002015286LGN00&z={z}&x={x}&y={-y}"
"958";"imagico.de OSM images for mapping: May 2013 off-nadir Landsat";"200";"GOOD";"tms";"http://imagico.de/map/osmim_tiles.php?layer=ls_polar&z={z}&x={x}&y={-y}"
"702";"imagico.de OSM images for mapping: Mount Kenya 2016";"200";"GOOD";"tms";"http://imagico.de/map/osmim_tiles.php?layer=S2A_R092_S02_20160613T075613&z={z}&x={x}&y={-y}"
"703";"imagico.de OSM images for mapping: Mount Kilimanjaro 2016";"200";"GOOD";"tms";"http://imagico.de/map/osmim_tiles.php?layer=S2A_R092_S05_20160802T075556&z={z}&x={x}&y={-y}"
"731";"imagico.de OSM images for mapping: New Ireland";"200";"GOOD";"tms";"http://imagico.de/map/osmim_tiles.php?layer=LC80940622015159LGN00&z={z}&x={x}&y={-y}"
"935";"imagico.de OSM images for mapping: Northern and Polar Ural mountains August 2016";"200";"GOOD";"tms";"http://imagico.de/map/osmim_tiles.php?layer=ural_s2_2016&z={z}&x={x}&y={-y}"
"950";"imagico.de OSM images for mapping: Northern Ellesmere Island";"200";"GOOD";"tms";"http://imagico.de/map/osmim_tiles.php?layer=nellesmere_ast&z={z}&x={x}&y={-y}"
"951";"imagico.de OSM images for mapping: Northern Ellesmere Island July 2016";"200";"GOOD";"tms";"http://imagico.de/map/osmim_tiles.php?layer=nellesmere_ast_2016&z={z}&x={x}&y={-y}"
"780";"imagico.de OSM images for mapping: Northern German west coast tidalflats";"200";"GOOD";"tms";"http://imagico.de/map/osmim_tiles.php?layer=LC81960222015233LGN00vis&z={z}&x={x}&y={-y}"
"779";"imagico.de OSM images for mapping: Northern German west coast tidalflats (infrared)";"200";"GOOD";"tms";"http://imagico.de/map/osmim_tiles.php?layer=LC81960222015233LGN00ir&z={z}&x={x}&y={-y}"
"960";"imagico.de OSM images for mapping: Northern Greenland ASTER";"200";"GOOD";"tms";"http://imagico.de/map/osmim_tiles.php?layer=ngreenland_ast&z={z}&x={x}&y={-y}"
"728";"imagico.de OSM images for mapping: Northwest Heard Island";"200";"GOOD";"tms";"http://imagico.de/map/osmim_tiles.php?layer=EO1A1350972013086110KF&z={z}&x={x}&y={-y}"
"996";"imagico.de OSM images for mapping: Panama Canal";"200";"GOOD";"tms";"http://imagico.de/map/osmim_tiles.php?layer=S2A_R111_N09_20160604T154554&z={z}&x={x}&y={-y}"
"995";"imagico.de OSM images for mapping: Panama Canal - Pacific side";"200";"GOOD";"tms";"http://imagico.de/map/osmim_tiles.php?layer=EO1A0120532016364110KF&z={z}&x={x}&y={-y}"
"710";"imagico.de OSM images for mapping: Pensacola Mountains";"200";"GOOD";"tms";"http://imagico.de/map/osmim_tiles.php?layer=LC81511242016033LGN00&z={z}&x={x}&y={-y}"
"732";"imagico.de OSM images for mapping: Prokletije Mountains";"200";"GOOD";"tms";"http://imagico.de/map/osmim_tiles.php?layer=S2A_R136_N41_20150831T093006&z={z}&x={x}&y={-y}"
"952";"imagico.de OSM images for mapping: Qasigiannguit";"200";"GOOD";"tms";"http://imagico.de/map/osmim_tiles.php?layer=DMS_1142622_03746_20110415_17533956&z={z}&x={x}&y={-y}"
"716";"imagico.de OSM images for mapping: Rann of Kutch";"200";"GOOD";"tms";"http://imagico.de/map/osmim_tiles.php?layer=LC81510432015030LGN00&z={z}&x={x}&y={-y}"
"748";"imagico.de OSM images for mapping: Rila and Pirin Mountains";"200";"GOOD";"tms";"http://imagico.de/map/osmim_tiles.php?layer=S2A_R093_N41_20150828T092005&z={z}&x={x}&y={-y}"
"704";"imagico.de OSM images for mapping: Rwenzori Mountains";"200";"GOOD";"tms";"http://imagico.de/map/osmim_tiles.php?layer=LC81730602015040LGN00&z={z}&x={x}&y={-y}"
"705";"imagico.de OSM images for mapping: Rwenzori Mountains 2016";"200";"GOOD";"tms";"http://imagico.de/map/osmim_tiles.php?layer=S2A_R078_N01_20160702T082522&z={z}&x={x}&y={-y}"
"991";"imagico.de OSM images for mapping: Scott Island";"200";"GOOD";"tms";"http://imagico.de/map/osmim_tiles.php?layer=LC80611072014036LGN00&z={z}&x={x}&y={-y}"
"994";"imagico.de OSM images for mapping: Shag Rocks";"200";"GOOD";"tms";"http://imagico.de/map/osmim_tiles.php?layer=LC82100972015347LGN00&z={z}&x={x}&y={-y}"
"713";"imagico.de OSM images for mapping: Southeastern Sulawesi";"200";"GOOD";"tms";"http://imagico.de/map/osmim_tiles.php?layer=LC81130622013270LGN00&z={z}&x={x}&y={-y}"
"709";"imagico.de OSM images for mapping: Southern Transantarctic Mountains";"200";"GOOD";"tms";"http://imagico.de/map/osmim_tiles.php?layer=LC80281222016035LGN00&z={z}&x={x}&y={-y}"
"953";"imagico.de OSM images for mapping: Thule Air Base";"200";"GOOD";"tms";"http://imagico.de/map/osmim_tiles.php?layer=DMS_1142636_160xx_20110507_1822xxxx&z={z}&x={x}&y={-y}"
"954";"imagico.de OSM images for mapping: Thule Airbase DMS low altitude overflight September 2015";"200";"GOOD";"tms";"http://imagico.de/map/osmim_tiles.php?layer=dms_thule2_2015.09.25&z={z}&x={x}&y={-y}"
"956";"imagico.de OSM images for mapping: Thule Airbase DMS overflight October 2015";"200";"GOOD";"tms";"http://imagico.de/map/osmim_tiles.php?layer=dms_thule_2015.10.06&z={z}&x={x}&y={-y}"
"955";"imagico.de OSM images for mapping: Thule Airbase DMS overflight September 2015";"200";"GOOD";"tms";"http://imagico.de/map/osmim_tiles.php?layer=dms_thule_2015.09.25&z={z}&x={x}&y={-y}"
"934";"imagico.de OSM images for mapping: Ushakov Island August 2016";"200";"GOOD";"tms";"http://imagico.de/map/osmim_tiles.php?layer=S2A_R094_N79_20160812T105622&z={z}&x={x}&y={-y}"
"730";"imagico.de OSM images for mapping: Vanatinai";"200";"GOOD";"tms";"http://imagico.de/map/osmim_tiles.php?layer=LC80910682014358LGN00&z={z}&x={x}&y={-y}"
"987";"imagico.de OSM images for mapping: Volcán Calbuco";"200";"GOOD";"tms";"http://imagico.de/map/osmim_tiles.php?layer=LC82330892016031LGN00&z={z}&x={x}&y={-y}"
"720";"imagico.de OSM images for mapping: Vostochny Cosmodrome";"200";"GOOD";"tms";"http://imagico.de/map/osmim_tiles.php?layer=S2A_R089_N52_20160623T024048&z={z}&x={x}&y={-y}"
"719";"imagico.de OSM images for mapping: Western Karakoram";"200";"GOOD";"tms";"http://imagico.de/map/osmim_tiles.php?layer=LC81490352013282LGN00&z={z}&x={x}&y={-y}"
"998";"imagico.de OSM images for mapping: Willkanuta Mountains and Quelccaya Ice Cap";"200";"GOOD";"tms";"http://imagico.de/map/osmim_tiles.php?layer=S2A_R039_S15_20160510T145731&z={z}&x={x}&y={-y}"
"904";"Ireland Bartholomew Quarter-Inch 1940";"301";"BAD";"tms";"http://geo.nls.uk/maps/ireland/bartholomew/{z}/{x}/{-y}.png"
"905";"Ireland British War Office 1:25k GSGS 3906";"200";"GOOD";"tms";"http://mapwarper.net/layers/tile/101/{z}/{x}/{y}.png"
"906";"Ireland British War Office One-Inch 1941-43 GSGS 4136";"301";"BAD";"tms";"http://geo.nls.uk/maps/ireland/gsgs4136/{z}/{x}/{-y}.png"
"671";"Israel Biking map";"200";"GOOD";"tms";"https://IsraelHiking.osm.org.il/Hebrew/mtbTiles/{z}/{x}/{y}.png"
"1071";"Israel Biking map in English";"200";"GOOD";"tms";"https://IsraelHiking.osm.org.il/English/mtbTiles/{z}/{x}/{y}.png"
"670";"Israel Hiking trail map";"200";"GOOD";"tms";"https://IsraelHiking.osm.org.il/Hebrew/Tiles/{z}/{x}/{y}.png"
"1070";"Israel Hiking trail map in English";"200";"GOOD";"tms";"https://IsraelHiking.osm.org.il/English/Tiles/{z}/{x}/{y}.png"
"672";"Israel HIking Trails overlay map";"200";"GOOD";"tms";"https://IsraelHiking.osm.org.il/OverlayTiles/{z}/{x}/{y}.png"
"792";"ITACyL - Castile and León";"206";"BAD";"wms";"http://orto.wms.itacyl.es/WMS"
"717";"Japan GSI ortho Imagery";"200";"GOOD";"tms";"http://cyberjapandata.gsi.go.jp/xyz/ort/{z}/{x}/{y}.jpg"
"754";"Kanton Aargau 25cm (AGIS 2011)";"200";"GOOD";"tms";"http://tiles.poole.ch/AGIS/OF2011/{z}/{x}/{y}.png"
"755";"Kanton Aargau 25cm (AGIS 2014)";"200";"GOOD";"tms";"http://mapproxy.osm.ch:8080/tiles/AGIS2014/EPSG900913/{z}/{x}/{y}.png?origin=nw"
"1061";"Kanton Basel-Landschaft 10cm (2015)";"200";"GOOD";"tms";"http://mapproxy.osm.ch:8080/tiles/KTBASELLANDSCHAFT2015/EPSG900913/{z}/{x}/{y}.png?origin=nw"
"756";"Kanton Basel-Stadt 2015";"200";"GOOD";"tms";"http://mapproxy.osm.ch:8080/tiles/KTBASELSTADT2015/EPSG900913/{z}/{x}/{y}.png?origin=nw"
"757";"Kanton Solothurn 25cm (SOGIS 2014-2015)";"200";"GOOD";"tms";"http://mapproxy.osm.ch:8080/tiles/sogis2014/EPSG900913/{z}/{x}/{y}.png?origin=nw"
"758";"Kanton Solothurn 25cm (SOGIS 2014-2015) WMS";"405";"BAD";"wms";"http://geoweb.so.ch/wms/sogis_orthofoto.wms"
"759";"Kanton Solothurn Infrarot 12.5cm (SOGIS 2014)";"405";"BAD";"wms";"http://geoweb.so.ch/wms/sogis_orthofoto.wms"
"760";"Kanton Zürich 2015  10cm";"200";"GOOD";"tms";"http://mapproxy.osm.ch:8080/tiles/KTZUERICH2015/EPSG900913/{z}/{x}/{y}.png?origin=nw"
"946";"Kelowna 2012";"200";"GOOD";"tms";"http://a.tile.paulnorman.ca/kelowna2012/{z}/{x}/{y}.png"
"947";"Kelowna Roads overlay";"200";"GOOD";"tms";"http://a.tile.paulnorman.ca/kelowna_overlay/{z}/{x}/{y}.png"
"580";"Kosmosnimki";"403";"BAD";"tms";"http://a.tile.osm.kosmosnimki.ru/kosmo/{z}/{x}/{y}.png"
"584";"Kosmosnimki Autumn";"403";"BAD";"tms";"http://a.tile.osm.kosmosnimki.ru/autumn/{z}/{x}/{y}.png"
"581";"Kosmosnimki Night";"403";"BAD";"tms";"http://a.tile.osm.kosmosnimki.ru/night/{z}/{x}/{y}.png"
"660";"Kosmosnimki Overlay OSM";"403";"BAD";"tms";"http://c.tile.osm.kosmosnimki.ru/kosmohyb-en/{z}/{x}/{y}.png"
"586";"Kosmosnimki Print";"403";"BAD";"tms";"http://a.tile.osm.kosmosnimki.ru/bw/{z}/{x}/{y}.png"
"492";"Kosmosnimki.ru Map";"200";"GOOD";"tms";"http://maps.kosmosnimki.ru/TileService.ashx?Request=gettile&LayerName=E50931C3B2DD4E0FA2C03366552EEAA1&apikey=U96GP973UH&crs=epsg:3857&z={z}&x={x}&y={y}"
"503";"Kosmosnimki.ru Overlay";"200";"GOOD";"tms";"http://maps.kosmosnimki.ru/TileService.ashx?Request=gettile&LayerName=FFE60CFA7DAF498381F811C08A5E8CF5&apikey=L5VW1QBBHJ&crs=epsg:3857&z={z}&x={x}&y={y}"
"465";"Kosmosnimki.ru Satellite";"200";"GOOD";"tms";"http://maps.kosmosnimki.ru/TileService.ashx?Request=gettile&LayerName=04C9E7CE82C34172910ACDBF8F1DF49A&apikey=U96GP973UH&crs=epsg:3857&z={z}&x={x}&y={y}"
"501";"Kosmosnimki.ru Terrain";"200";"GOOD";"tms";"http://maps.kosmosnimki.ru/TileService.ashx?Request=gettile&LayerName=4F9F7CCCCBBC4BD08469F58C02F17AE4&MapName=1D30C72D02914C5FB90D1D448159CAB6&apikey=U96GP973UH&crs=epsg:3857&z={z}&x={x}&y={y}"
"582";"Kosmosnimki Spring";"403";"BAD";"tms";"http://a.tile.osm.kosmosnimki.ru/spring/{z}/{x}/{y}.png"
"583";"Kosmosnimki Summer";"403";"BAD";"tms";"http://a.tile.osm.kosmosnimki.ru/summer/{z}/{x}/{y}.png"
"585";"Kosmosnimki Winter";"403";"BAD";"tms";"http://a.tile.osm.kosmosnimki.ru/winter/{z}/{x}/{y}.png"
"682";"KTHMATOLOGIO";"302";"BAD";"wms";"http://gis.ktimanet.gr/wms/wmsopen/wmsserver.aspx"
"999";"Landsat 233055";"200";"GOOD";"tms";"http://a.tile.paulnorman.ca/landsat_233055/{z}/{x}/{y}.png"
"438";"Landsat (Gis-Lab.info)";"503";"BAD";"tms";"http://irs.gis-lab.info/?layers=landsat&request=GetTile&z={z}&x={x}&y={y}"
"948";"Latest southwest British Columbia Landsat";"200";"GOOD";"tms";"http://a.tile.paulnorman.ca/landsat_047026/{z}/{x}/{y}.png"
"657";"latlon.org (Belarus)";"403";"BAD";"tms";"http://tile.latlon.org/tiles/{z}/{x}/{y}.png"
"923";"Lithuania - NŽT ORT10LT";"200";"GOOD";"tms";"http://mapproxy.openmap.lt/ort10lt/g/{z}/{x}/{y}.jpeg"
"607";"LNEG Geologica 100k Algarve";"200";"GOOD";"wms";"http://geoportal.lneg.pt/arcgis/services/CGP100k_Algarve/MapServer/WmsServer"
"608";"LNEG Geologica 1M";"200";"GOOD";"wms";"http://geoportal.lneg.pt/arcgis/services/CGP1M/MapServer/WMSServer"
"609";"LNEG Geologica 200k";"200";"GOOD";"wms";"http://geoportal.lneg.pt/arcgis/services/CGP200k/MapServer/WmsServer"
"610";"LNEG Geologica 500k";"200";"GOOD";"wms";"http://geoportal.lneg.pt/arcgis/services/CGP500k/MapServer/WmsServer"
"611";"LNEG Geologica 50k";"200";"GOOD";"wms";"http://geoportal.lneg.pt/arcgis/services/CGP50k/MapServer/WmsServer"
"612";"LNEG Radiometrica 500k";"200";"GOOD";"wms";"http://geoportal.lneg.pt/arcgis/services/CartaRadiometrica/MapServer/WmsServer"
"1000";"Locator Overlay";"200";"GOOD";"tms";"http://a.tiles.mapbox.com/v4/openstreetmap.map-inh76ba2/{z}/{x}/{y}.png?access_token=pk.eyJ1Ijoib3BlbnN0cmVldG1hcCIsImEiOiJncjlmd0t3In0.DmZsIeOW-3x-C5eX-wAqTw"
"908";"Lodi - Italy";"403";"BAD";"wms";"http://sit.provincia.lodi.it/mapserver/mapserv.exe"
"909";"Lombardia - Italy (CTR)";"200";"GOOD";"wms";"http://www.cartografia.regione.lombardia.it/ArcGIS10/services/wms/ctr_wms/MapServer/WMSServer"
"910";"Lombardia - Italy (CTR DBT)";"200";"GOOD";"wms";"http://www.cartografia.servizirl.it/arcgis/services/wms/ctr_wms/MapServer/WmsServer"
"692";"LPI NSW Administrative Boundaries County";"200";"GOOD";"wms";"https://maps.six.nsw.gov.au/arcgis/services/public/NSW_Administrative_Boundaries/MapServer/WMSServer"
"721";"LPI NSW Administrative Boundaries LGA";"200";"GOOD";"wms";"https://maps.six.nsw.gov.au/arcgis/services/public/NSW_Administrative_Boundaries/MapServer/WMSServer"
"722";"LPI NSW Administrative Boundaries NPWS Reserve";"200";"GOOD";"wms";"https://maps.six.nsw.gov.au/arcgis/services/public/NSW_Administrative_Boundaries/MapServer/WMSServer"
"723";"LPI NSW Administrative Boundaries Parish";"200";"GOOD";"wms";"https://maps.six.nsw.gov.au/arcgis/services/public/NSW_Administrative_Boundaries/MapServer/WMSServer"
"724";"LPI NSW Administrative Boundaries State Forest";"200";"GOOD";"wms";"https://maps.six.nsw.gov.au/arcgis/services/public/NSW_Administrative_Boundaries/MapServer/WMSServer"
"725";"LPI NSW Administrative Boundaries Suburb";"200";"GOOD";"wms";"https://maps.six.nsw.gov.au/arcgis/services/public/NSW_Administrative_Boundaries/MapServer/WMSServer"
"726";"LPI NSW Imagery";"200";"GOOD";"tms";"https://maps.six.nsw.gov.au/arcgis/rest/services/public/NSW_Imagery/MapServer/tile/{z}/{y}/{x}"
"727";"LPI NSW Topographic Map";"200";"GOOD";"tms";"https://maps.six.nsw.gov.au/arcgis/rest/services/public/NSW_Topo_Map/MapServer/tile/{z}/{y}/{x}"
"1019";"Map1.eu";"200";"GOOD";"tms";"http://beta.map1.eu/tiles/{z}/{x}/{y}.jpg"
"504";"Mapbox Gray";"200";"GOOD";"tms";"http://api.tiles.mapbox.com/v4/mapbox.light/{z}/{x}/{y}.png?access_token=pk.eyJ1IjoibWFwYm94IiwiYSI6IlhHVkZmaW8ifQ.hAMX5hSW-QnTeRCMAy9A8Q"
"1001";"Mapbox Satellite";"200";"GOOD";"tms";"http://a.tiles.mapbox.com/v4/openstreetmap.map-inh7ifmo/{z}/{x}/{y}.png?access_token=pk.eyJ1Ijoib3BlbnN0cmVldG1hcCIsImEiOiJncjlmd0t3In0.DmZsIeOW-3x-C5eX-wAqTw"
"646";"mapillary.sequences";"403";"BAD";"tms";"https://d6a1v2w10ny40.cloudfront.net/v0.1/{z}/{x}/{y}.png"
"457";"MapQuest Aerial";"HTTPConnectionPool(host='otile1.mqcdn.com', port=80): Max retries exceeded with url: / (Caused by NewConnectionError('<requests.packages.urllib3.connection.HTTPConnection object at 0x02496770>: Failed to establish a new connection: [Errno 11004] getaddrinfo failed',))";"BAD";"tms";"http://otile1.mqcdn.com/tiles/1.0.0/sat/{z}/{x}/{y}.jpg"
"459";"MapQuest OSM";"HTTPConnectionPool(host='otile1.mqcdn.com', port=80): Max retries exceeded with url: / (Caused by NewConnectionError('<requests.packages.urllib3.connection.HTTPConnection object at 0x0254BED0>: Failed to establish a new connection: [Errno 11004] getaddrinfo failed',))";"BAD";"tms";"http://otile1.mqcdn.com/tiles/1.0.0/map/{z}/{x}/{y}.jpg"
"680";"Maps-for-free Relief";"200";"GOOD";"tms";"https://maps-for-free.com/layer/relief/z{z}/row{y}/{z}_{x}-{y}.jpg"
"698";"Maps-for-free ReliefTest";"301";"BAD";"tms";"http://www.maps-for-free.com/layer/relief/z{z}/row{y}/{z}_{x}-{y}.jpg"
"442";"MapSurfer ASTER GDEM contour lines";"200";"GOOD";"tms";"http://korona.geog.uni-heidelberg.de/tiles/asterc/x={x}&y={y}&z={z}"
"447";"MapSurfer ASTER GDEM-SRTM Hillshade";"200";"GOOD";"tms";"http://korona.geog.uni-heidelberg.de/tiles/asterh/x={x}&y={y}&z={z}"
"460";"MapSurfer OSM Administrative Boundaries";"200";"GOOD";"tms";"http://korona.geog.uni-heidelberg.de/tiles/adminb/x={x}&y={y}&z={z}"
"443";"MapSurfer OSM Roads";"200";"GOOD";"tms";"http://korona.geog.uni-heidelberg.de/tiles/roads/x={x}&y={y}&z={z}"
"446";"MapSurfer OSM Roads Grayscale";"200";"GOOD";"tms";"http://korona.geog.uni-heidelberg.de/tiles/roadsg/x={x}&y={y}&z={z}"
"458";"MapSurfer OSM Semitransparent";"200";"GOOD";"tms";"http://korona.geog.uni-heidelberg.de/tiles/hybrid/x={x}&y={y}&z={z}"
"970";"MD 2014 6 Inch Aerial Imagery";"200";"GOOD";"tms";"http://whoots.mapwarper.net/tms/{z}/{x}/{y}/MD_SixInchImagery/http://geodata.md.gov/imap/services/Imagery/MD_SixInchImagery/MapServer/WmsServer"
"971";"MD Three Inch Aerial Imagery";"303";"BAD";"wms";"http://geodata.md.gov/imap/services/Imagery/MD_ThreeInchImagery/MapServer/WmsServer"
"972";"MD Transportation Basemap";"200";"GOOD";"tms";"http://whoots.mapwarper.net/tms/{z}/{x}/{y}/MD_ColorBasemap/http://geodata.md.gov/imap/services/Transportation/MD_ColorBasemap/MapServer/WmsServer"
"545";"MFC Primorie";"200";"GOOD";"geojson";"http://opendata25.primorsky.ru/ngw/api/resource/604/geojson"
"539";"Moscow boundaries level 1";"200";"GOOD";"geojson";"http://datahub.nextgis.com/api/resource/11/geojson"
"546";"Moscow boundaries level 2";"200";"GOOD";"geojson";"http://datahub.nextgis.com/api/resource/12/geojson"
"535";"Moscow bus stops";"301";"BAD";"geojson";"http://api.data.mos.ru/v1/datasets/752/features"
"538";"Moscow clinics";"301";"BAD";"geojson";"http://api.data.mos.ru/v1/datasets/517/features"
"677";"Mountainmap";"200";"GOOD";"tms";"http://tiles.mountainmap.net/osm_tiles/{z}/{x}/{y}.png"
"962";"MSR Maps Topo";"302";"BAD";"wms";"http://msrmaps.com/ogcmap.ashx"
"963";"MSR Maps Urban";"302";"BAD";"wms";"http://msrmaps.com/ogcmap.ashx"
"456";"NASA Fires - Past 24 hours";"200";"GOOD";"wms";"https://firms.modaps.eosdis.nasa.gov/wms/?"
"441";"NASA Fires - Past 48 hours";"200";"GOOD";"wms";"https://firms.modaps.eosdis.nasa.gov/wms/?"
"444";"NASA SEDAC Earthquake Hazard Distribution - Peak Ground Acceleration";"200";"GOOD";"wms";"http://sedac.ciesin.org/geoserver/ows?"
"440";"NASA SEDAC Earthquake Hazard Frequency and Distribution";"200";"GOOD";"wms";"http://sedac.ciesin.org/geoserver/ows?"
"589";"National parks of Russia";"200";"GOOD";"geojson";"http://datahub.nextgis.com/api/resource/74/geojson"
"591";"Nature Reserves of Russia (Zapovedniks)";"200";"GOOD";"geojson";"http://datahub.nextgis.com/api/resource/76/geojson"
"973";"NC Latest Orthoimagery";"403";"BAD";"wms";"http://services.nconemap.com/arcgis/services/Imagery/Orthoimagery_Latest/ImageServer/WMSServer"
"653";"NE Cultural Admin 0 Countries (110m)";"200";"GOOD";"geojson";"http://datahub.nextgis.ru/api/resource/90/geojson"
"654";"NE Cultural Populated Places (110m)";"200";"GOOD";"geojson";"http://datahub.nextgis.ru/api/resource/94/geojson"
"655";"NE Physical Land (110m)";"200";"GOOD";"geojson";"http://datahub.nextgis.ru/api/resource/92/geojson"
"965";"New & Misaligned TIGER Roads";"200";"GOOD";"tms";"http://a.tiles.mapbox.com/v4/enf.e0b8291e/{z}/{x}/{y}.png?access_token=pk.eyJ1Ijoib3BlbnN0cmVldG1hcCIsImEiOiJhNVlHd29ZIn0.ti6wATGDWOmCnCYen-Ip7Q"
"651";"New Zealand - LINZTopo";"200";"GOOD";"tms";"http://services.arcgisonline.co.nz/ArcGIS/rest/services/LINZ/geotiffs/MapServer/WMTS/tile/{z}/{y}/{x}"
"485";"NG NAPR STREETS";"302";"BAD";"tms";"http://nt0.reestri.gov.ge/NGCache?x={x}&y={y}&z={z}&l=NG_NAPR_STREETS"
"974";"NJ 2015 Aerial Imagery (Infrared)";"200";"GOOD";"tms";"http://whoots.mapwarper.net/tms/{z}/{x}/{y}/Infrared2015/http://geodata.state.nj.us/imagerywms/Infrared2015"
"975";"NJ 2015 Aerial Imagery (Natural Color)";"200";"GOOD";"tms";"http://whoots.mapwarper.net/tms/{z}/{x}/{y}/Natural2015/http://geodata.state.nj.us/imagerywms/Natural2015"
"811";"NLS - Bartholomew Half Inch, 1897-1907";"301";"BAD";"tms";"http://geo.nls.uk/mapdata2/bartholomew/great_britain/{z}/{x}/{-y}.png"
"915";"NLSC General Map with Contour line";"200";"GOOD";"tms";"http://maps.nlsc.gov.tw/S_Maps/wmts?SERVICE=WMTS&REQUEST=GetTile&VERSION=1.0.0&LAYER=EMAP5_OPENDATA&STYLE=_null&TILEMATRIXSET=EPSG:3857&TILEMATRIX=EPSG:3857:{z}&TILEROW={y}&TILECOL={x}&FORMAT=image/png"
"813";"NLS - OS 1:25k 1st Series 1937-61";"301";"BAD";"tms";"http://geo.nls.uk/mapdata2/os/25000/{z}/{x}/{-y}.png"
"812";"NLS - OS 1-inch 7th Series 1955-61";"301";"BAD";"tms";"http://geo.nls.uk/mapdata2/os/seventh/{z}/{x}/{-y}.png"
"814";"NLS - OS 25-inch (Scotland), 1892-1905";"301";"BAD";"tms";"http://geo.nls.uk/mapdata2/os/25_inch/scotland_1/{z}/{x}/{y}.png"
"815";"NLS - OS 6-inch Scotland 1842-82";"301";"BAD";"tms";"http://geo.nls.uk/maps/os/six_inch/{z}/{x}/{-y}.png"
"695";"NRW: ALKIS ABK Stern 1:5000";"200";"GOOD";"wms";"https://www.wms.nrw.de/geobasis/wms_nw_abk_stern"
"1017";"NRW ALKIS Vereinfacht";"200";"GOOD";"wfs";"http://www.wfs.nrw.de/geobasis/wfs_nw_alkis_vereinfacht?REQUEST=GetCapabilities&SERVICE=WFS"
"696";"NRW: Digitale Orthophotos Bodenauflösung 20 cm";"200";"GOOD";"wms";"https://www.wms.nrw.de/geobasis/wms_nw_dop20"
"697";"NRW: Digitale Topographische Karte 1:10 000";"200";"GOOD";"wms";"http://www.wms.nrw.de/geobasis/wms_nw_dtk10"
"567";"OpenStreetMap.de";"200";"GOOD";"tms";"http://a.tile.openstreetmap.de/tiles/osmde/{z}/{x}/{y}.png"
"568";"OpenStreetMap.de background";"HTTPConnectionPool(host='a.tile.openstreetmap.de', port=8002): Max retries exceeded with url: / (Caused by NewConnectionError('<requests.packages.urllib3.connection.HTTPConnection object at 0x0254B8F0>: Failed to establish a new connection: [Errno 10061] \xcf\xee\xe4\xea\xeb\xfe\xf7\xe5\xed\xe8\xe5 \xed\xe5 \xf3\xf1\xf2\xe0\xed\xee\xe2\xeb\xe5\xed\xee,',))";"BAD";"tms";"http://a.tile.openstreetmap.de:8002/tiles/1.0.0/bg//{z}/{x}/{y}.png"
"569";"OpenStreetMap.fr";"200";"GOOD";"tms";"http://a.tile.openstreetmap.fr/osmfr/{z}/{x}/{y}.png"
"1009";"OpenStreetMap GPS traces";"200";"GOOD";"tms";"http://a.gps-tile.openstreetmap.org/lines/{z}/{x}/{y}.png"
"483";"OpenStreetMap monochrome";"200";"GOOD";"tms";"http://a.tiles.wmflabs.org/bw-mapnik/{z}/{x}/{y}.png"
"570";"OpenStreetMap.se";"200";"GOOD";"tms";"http://a.tile.openstreetmap.se/hydda/full/{z}/{x}/{y}.png"
"571";"OpenStreetMap.se Base";"200";"GOOD";"tms";"http://a.tile.openstreetmap.se/hydda/base/{z}/{x}/{y}.png"
"448";"OpenStreetMap Standard";"403";"BAD";"tms";"http://tile.openstreetmap.org/{z}/{x}/{y}.png"
"500";"Openstreetmap tracks";"200";"GOOD";"tms";"http://gps-a.tile.openstreetmap.org/lines/{z}/{x}/{y}.png"
"507";"OpenTopoMap";"200";"GOOD";"tms";"https://a.tile.opentopomap.org/{z}/{x}/{y}.png"
"527";"Öpnvkarte";"200";"GOOD";"tms";"http://tileserver.memomaps.de/tilegen/{z}/{x}/{y}.png"
"926";"Ortho 2010 geoportail.lu";"200";"GOOD";"tms";"https://wmts3.geoportail.lu/opendata/wmts/ortho_2010/GLOBAL_WEBMERCATOR_4_V3/{z}/{x}/{y}.jpeg"
"927";"Ortho 2013 geoportail.lu";"200";"GOOD";"tms";"https://wmts3.geoportail.lu/opendata/wmts/ortho_2013/GLOBAL_WEBMERCATOR_4_V3/{z}/{x}/{y}.jpeg"
"1063";"Ortho 2016 geoportail.lu";"200";"GOOD";"tms";"https://wmts3.geoportail.lu/opendata/wmts/ortho_2016/GLOBAL_WEBMERCATOR_4_V3/{z}/{x}/{y}.jpeg"
"694";"Ortophoto Czech Republic'12, CZ, Czech";"200";"GOOD";"tms";"https://m3.mapserver.mapy.cz/ophoto1012-m/{z}-{x}-{y}"
"893";"OS 1:25k historic (OSM)";"200";"GOOD";"tms";"http://ooc.openstreetmap.org/os1/{z}/{x}/{y}.jpg"
"511";"OSM2World/3D (D,A,CH)";"200";"GOOD";"tms";"http://tiles.osm2world.org/osm/pngtiles/n/{z}/{x}/{y}.png"
"578";"OsmAnd Online";"200";"GOOD";"tms";"http://tile.osmand.net/hd/{z}/{x}/{y}.png"
"577";"Osmapa.pl";"403";"BAD";"tms";"http://a.tile.openstreetmap.pl/osmapa.pl/{z}/{x}/{y}.png"
"665";"OSM boundaries mapzen admin_level=2";"200";"GOOD";"geojson";"http://trolleway.nextgis.com/api/resource/920/geojson"
"451";"OSM Cycle map";"200";"GOOD";"tms";"http://a.tile.thunderforest.com/cycle/{z}/{x}/{y}.png"
"565";"OSM Humanitarian";"200";"GOOD";"tms";"http://a.tile.openstreetmap.fr/hot/{z}/{x}/{y}.png"
"1002";"OSM Inspector: Addresses";"200";"GOOD";"tms";"http://tools.geofabrik.de/osmi/tiles/addresses/{z}/{x}/{y}.png"
"1005";"OSM Inspector: Area";"200";"GOOD";"tms";"http://tools.geofabrik.de/osmi/tiles/area/{z}/{x}/{y}.png"
"1003";"OSM Inspector: Geometry";"200";"GOOD";"tms";"http://tools.geofabrik.de/osmi/tiles/geometry/{z}/{x}/{y}.png"
"1004";"OSM Inspector: Highways";"200";"GOOD";"tms";"http://tools.geofabrik.de/osmi/tiles/highways/{z}/{x}/{y}.png"
"1006";"OSM Inspector: Places";"200";"GOOD";"tms";"http://tools.geofabrik.de/osmi/tiles/places/{z}/{x}/{y}.png"
"1007";"OSM Inspector: Routing";"200";"GOOD";"tms";"http://tools.geofabrik.de/osmi/tiles/routing/{z}/{x}/{y}.png"
"1008";"OSM Inspector: Tagging";"200";"GOOD";"tms";"http://tools.geofabrik.de/osmi/tiles/tagging/{z}/{x}/{y}.png"
"656";"osm-mostrans Moscow bus";"302";"BAD";"tms";"http://trolleway.nextgis.com/api/component/render/tile?z={z}&x={x}&y={y}&resource=650,654"
"647";"osm-mostrans Московский троллейбус";"302";"BAD";"tms";"http://trolleway.nextgis.com/api/component/render/tile?z={z}&x={x}&y={y}&resource=687,689"
"450";"OSM TF Landscape";"200";"GOOD";"tms";"http://tile.thunderforest.com/landscape/{z}/{x}/{y}.png"
"449";"OSM TF Outdoors";"200";"GOOD";"tms";"http://tile.thunderforest.com/outdoors/{z}/{x}/{y}.png"
"445";"OSM TF Transport Dark";"200";"GOOD";"tms";"http://tile.thunderforest.com/transport-dark/{z}/{x}/{y}.png"
"454";"OSM Transportation";"200";"GOOD";"tms";"http://tile.thunderforest.com/transport/{z}/{x}/{y}.png"
"439";"OSM Veloroad";"200";"GOOD";"tms";"http://tile.osmz.ru/veloroad/{z}/{x}/{y}.png"
"894";"OS New Popular Edition historic";"200";"GOOD";"tms";"http://ooc.openstreetmap.org/npe/{z}/{x}/{y}.png"
"1079";"OS Open background";"302";"BAD";"tms";"https://tiles.arcgis.com/tiles/qHLhLQrcvEnxjtPr/arcgis/rest/services/OS_Open_Background_2/MapServer/tile/{z}/{x}/{y}"
"895";"OS OpenData Locator";"503";"BAD";"tms";"http://tiles.itoworld.com/os_locator/{z}/{x}/{y}.png"
"896";"OS OpenData StreetView";"200";"GOOD";"tms";"http://os.openstreetmap.org/sv/{z}/{x}/{y}.png"
"897";"OS Scottish Popular historic";"200";"GOOD";"tms";"http://ooc.openstreetmap.org/npescotland/tiles/{z}/{x}/{y}.jpg"
"1062";"OS Town Plan, Edinburgh 1940s-1960s (NLS)";"301";"BAD";"tms";"http://geo.nls.uk/mapdata3/os/edinburgh_1250_out/{z}/{x}/{y}.png"
"816";"OS Town Plans, Aberdeen 1866-1867 (NLS)";"301";"BAD";"tms";"http://geo.nls.uk/maps/towns/aberdeen/{z}/{x}/{-y}.png"
"817";"OS Town Plans, Airdrie 1858 (NLS)";"301";"BAD";"tms";"http://geo.nls.uk/maps/towns/airdrie/{z}/{x}/{-y}.png"
"818";"OS Town Plans, Alexandria 1859 (NLS)";"301";"BAD";"tms";"http://geo.nls.uk/maps/towns/alexandria/{z}/{x}/{-y}.png"
"819";"OS Town Plans, Alloa 1861-1862 (NLS)";"301";"BAD";"tms";"http://geo.nls.uk/maps/towns/alloa/{z}/{x}/{-y}.png"
"820";"OS Town Plans, Annan 1859 (NLS)";"301";"BAD";"tms";"http://geo.nls.uk/maps/towns/annan/{z}/{x}/{-y}.png"
"821";"OS Town Plans, Arbroath 1858 (NLS)";"301";"BAD";"tms";"http://geo.nls.uk/maps/towns/arbroath/{z}/{x}/{-y}.png"
"822";"OS Town Plans, Ayr 1855 (NLS)";"301";"BAD";"tms";"http://geo.nls.uk/maps/towns/ayr/{z}/{x}/{-y}.png"
"823";"OS Town Plans, Berwick-upon-Tweed 1852 (NLS)";"301";"BAD";"tms";"http://geo.nls.uk/maps/towns/berwick/{z}/{x}/{-y}.png"
"824";"OS Town Plans, Brechin 1862 (NLS)";"301";"BAD";"tms";"http://geo.nls.uk/maps/towns/brechin/{z}/{x}/{-y}.png"
"825";"OS Town Plans, Burntisland 1894 (NLS)";"301";"BAD";"tms";"http://geo.nls.uk/maps/towns/burntisland/{z}/{x}/{-y}.png"
"826";"OS Town Plans, Campbelton 1865 (NLS)";"301";"BAD";"tms";"http://geo.nls.uk/maps/towns/campbeltown/{z}/{x}/{-y}.png"
"827";"OS Town Plans, Coatbridge 1858 (NLS)";"301";"BAD";"tms";"http://geo.nls.uk/maps/towns/coatbridge/{z}/{x}/{-y}.png"
"828";"OS Town Plans, Cupar 1854 (NLS)";"301";"BAD";"tms";"http://geo.nls.uk/maps/towns/cupar1854/{z}/{x}/{-y}.png"
"829";"OS Town Plans, Cupar 1893-1894 (NLS)";"301";"BAD";"tms";"http://geo.nls.uk/maps/towns/cupar1893/{z}/{x}/{-y}.png"
"830";"OS Town Plans, Dalkeith 1852 (NLS)";"301";"BAD";"tms";"http://geo.nls.uk/maps/towns/dalkeith1852/{z}/{x}/{-y}.png"
"831";"OS Town Plans, Dalkeith 1893 (NLS)";"301";"BAD";"tms";"http://geo.nls.uk/maps/towns/dalkeith1893/{z}/{x}/{-y}.png"
"832";"OS Town Plans, Dumbarton 1859 (NLS)";"301";"BAD";"tms";"http://geo.nls.uk/maps/towns/dumbarton/{z}/{x}/{-y}.png"
"833";"OS Town Plans, Dumfries 1850 (NLS)";"301";"BAD";"tms";"http://geo.nls.uk/maps/towns/dumfries1850/{z}/{x}/{-y}.png"
"834";"OS Town Plans, Dumfries 1893 (NLS)";"301";"BAD";"tms";"http://geo.nls.uk/maps/towns/dumfries1893/{z}/{x}/{-y}.png"
"835";"OS Town Plans, Dundee 1857-1858 (NLS)";"301";"BAD";"tms";"http://geo.nls.uk/maps/towns/dundee1857/{z}/{x}/{-y}.png"
"836";"OS Town Plans, Dundee 1870-1872 (NLS)";"301";"BAD";"tms";"http://geo.nls.uk/maps/towns/dundee1870/{z}/{x}/{-y}.png"
"837";"OS Town Plans, Dunfermline 1854 (NLS)";"301";"BAD";"tms";"http://geo.nls.uk/maps/towns/dunfermline1854/{z}/{x}/{-y}.png"
"838";"OS Town Plans, Dunfermline 1894 (NLS)";"301";"BAD";"tms";"http://geo.nls.uk/maps/towns/dunfermline1893/{z}/{x}/{-y}.png"
"839";"OS Town Plans, Edinburgh 1849-1851 (NLS)";"301";"BAD";"tms";"http://geo.nls.uk/maps/towns/edinburgh1849/{z}/{x}/{y}.png"
"840";"OS Town Plans, Edinburgh 1876-1877 (NLS)";"301";"BAD";"tms";"http://geo.nls.uk/maps/towns/edinburgh1876/{z}/{x}/{-y}.png"
"841";"OS Town Plans, Edinburgh 1893-1894 (NLS)";"301";"BAD";"tms";"http://geo.nls.uk/maps/towns/edinburgh1893/{z}/{x}/{-y}.png"
"842";"OS Town Plans, Elgin 1868 (NLS)";"301";"BAD";"tms";"http://geo.nls.uk/maps/towns/elgin/{z}/{x}/{-y}.png"
"843";"OS Town Plans, Falkirk 1858-1859 (NLS)";"301";"BAD";"tms";"http://geo.nls.uk/maps/towns/falkirk/{z}/{x}/{-y}.png"
"844";"OS Town Plans, Forfar 1860-1861 (NLS)";"301";"BAD";"tms";"http://geo.nls.uk/maps/towns/forfar/{z}/{x}/{-y}.png"
"845";"OS Town Plans, Forres 1868 (NLS)";"301";"BAD";"tms";"http://geo.nls.uk/maps/towns/forres/{z}/{x}/{-y}.png"
"846";"OS Town Plans, Galashiels 1858 (NLS)";"301";"BAD";"tms";"http://geo.nls.uk/maps/towns/galashiels/{z}/{x}/{-y}.png"
"847";"OS Town Plans, Girvan 1857 (NLS)";"301";"BAD";"tms";"http://geo.nls.uk/maps/towns/girvan/{z}/{x}/{-y}.png"
"848";"OS Town Plans, Glasgow 1857-1858 (NLS)";"301";"BAD";"tms";"http://geo.nls.uk/maps/towns/glasgow1857/{z}/{x}/{-y}.png"
"849";"OS Town Plans, Glasgow 1892-1894 (NLS)";"301";"BAD";"tms";"http://geo.nls.uk/maps/towns/glasgow1894/{z}/{x}/{-y}.png"
"850";"OS Town Plans, Greenock 1857 (NLS)";"301";"BAD";"tms";"http://geo.nls.uk/maps/towns/greenock/{z}/{x}/{-y}.png"
"851";"OS Town Plans, Haddington 1853 (NLS)";"301";"BAD";"tms";"http://geo.nls.uk/maps/towns/haddington1853/{z}/{x}/{-y}.png"
"852";"OS Town Plans, Haddington 1893 (NLS)";"301";"BAD";"tms";"http://geo.nls.uk/maps/towns/haddington1893/{z}/{x}/{-y}.png"
"853";"OS Town Plans, Hamilton 1858 (NLS)";"301";"BAD";"tms";"http://geo.nls.uk/maps/towns/hamilton/{z}/{x}/{-y}.png"
"854";"OS Town Plans, Hawick 1857-1858 (NLS)";"301";"BAD";"tms";"http://geo.nls.uk/maps/towns/hawick/{z}/{x}/{-y}.png"
"855";"OS Town Plans, Inverness 1867-1868 (NLS)";"301";"BAD";"tms";"http://geo.nls.uk/maps/towns/inverness/{z}/{x}/{-y}.png"
"856";"OS Town Plans, Irvine 1859 (NLS)";"301";"BAD";"tms";"http://geo.nls.uk/maps/towns/irvine/{z}/{x}/{-y}.png"
"857";"OS Town Plans, Jedburgh 1858 (NLS)";"301";"BAD";"tms";"http://geo.nls.uk/maps/towns/jedburgh/{z}/{x}/{-y}.png"
"858";"OS Town Plans, Kelso 1857 (NLS)";"301";"BAD";"tms";"http://geo.nls.uk/maps/towns/kelso/{z}/{x}/{-y}.png"
"859";"OS Town Plans, Kilmarnock 1857-1859 (NLS)";"301";"BAD";"tms";"http://geo.nls.uk/maps/towns/kilmarnock/{z}/{x}/{-y}.png"
"860";"OS Town Plans, Kirkcaldy 1855 (NLS)";"301";"BAD";"tms";"http://geo.nls.uk/maps/towns/kirkcaldy1855/{z}/{x}/{-y}.png"
"861";"OS Town Plans, Kirkcaldy 1894 (NLS)";"301";"BAD";"tms";"http://geo.nls.uk/maps/towns/kirkcaldy1894/{z}/{x}/{-y}.png"
"862";"OS Town Plans, Kirkcudbright 1850 (NLS)";"301";"BAD";"tms";"http://geo.nls.uk/maps/towns/kirkcudbright1850/{z}/{x}/{-y}.png"
"863";"OS Town Plans, Kirkcudbright 1893 (NLS)";"301";"BAD";"tms";"http://geo.nls.uk/maps/towns/kirkcudbright1893/{z}/{x}/{-y}.png"
"864";"OS Town Plans, Kirkintilloch 1859 (NLS)";"301";"BAD";"tms";"http://geo.nls.uk/maps/towns/kirkintilloch/{z}/{x}/{-y}.png"
"865";"OS Town Plans, Kirriemuir 1861 (NLS)";"301";"BAD";"tms";"http://geo.nls.uk/maps/towns/kirriemuir/{z}/{x}/{-y}.png"
"866";"OS Town Plans, Lanark 1858 (NLS)";"301";"BAD";"tms";"http://geo.nls.uk/maps/towns/lanark/{z}/{x}/{-y}.png"
"867";"OS Town Plans, Linlithgow 1856 (NLS)";"301";"BAD";"tms";"http://geo.nls.uk/maps/towns/linlithgow/{z}/{x}/{-y}.png"
"868";"OS Town Plans, Mayole 1856-1857 (NLS)";"301";"BAD";"tms";"http://geo.nls.uk/maps/towns/maybole/{z}/{x}/{-y}.png"
"869";"OS Town Plans, Montrose 1861-1862 (NLS)";"301";"BAD";"tms";"http://geo.nls.uk/maps/towns/montrose/{z}/{x}/{-y}.png"
"870";"OS Town Plans, Musselburgh 1853 (NLS)";"301";"BAD";"tms";"http://geo.nls.uk/maps/towns/musselburgh1853/{z}/{x}/{-y}.png"
"871";"OS Town Plans, Musselburgh 1893 (NLS)";"301";"BAD";"tms";"http://geo.nls.uk/maps/towns/musselburgh1893/{z}/{x}/{-y}.png"
"872";"OS Town Plans, Nairn 1867-1868 (NLS)";"301";"BAD";"tms";"http://geo.nls.uk/maps/towns/nairn/{z}/{x}/{-y}.png"
"873";"OS Town Plans, Oban 1867-1868 (NLS)";"301";"BAD";"tms";"http://geo.nls.uk/maps/towns/oban/{z}/{x}/{-y}.png"
"874";"OS Town Plans, Paisley 1858 (NLS)";"301";"BAD";"tms";"http://geo.nls.uk/maps/towns/paisley/{z}/{x}/{-y}.png"
"875";"OS Town Plans, Peebles 1856 (NLS)";"301";"BAD";"tms";"http://geo.nls.uk/maps/towns/peebles/{z}/{x}/{-y}.png"
"876";"OS Town Plans, Perth 1860 (NLS)";"301";"BAD";"tms";"http://geo.nls.uk/maps/towns/perth/{z}/{x}/{-y}.png"
"877";"OS Town Plans, Peterhead 1868 (NLS)";"301";"BAD";"tms";"http://geo.nls.uk/maps/towns/peterhead/{z}/{x}/{-y}.png"
"878";"OS Town Plans, Port Glasgow 1856-1857 (NLS)";"301";"BAD";"tms";"http://geo.nls.uk/maps/towns/portglasgow/{z}/{x}/{-y}.png"
"879";"OS Town Plans, Portobello 1893-1894 (NLS)";"301";"BAD";"tms";"http://geo.nls.uk/maps/towns/portobello/{z}/{x}/{-y}.png"
"880";"OS Town Plans, Rothesay 1862-1863 (NLS)";"301";"BAD";"tms";"http://geo.nls.uk/maps/towns/rothesay/{z}/{x}/{-y}.png"
"881";"OS Town Plans, Selkirk 1865 (NLS)";"301";"BAD";"tms";"http://geo.nls.uk/maps/towns/selkirk/{z}/{x}/{-y}.png"
"882";"OS Town Plans, St Andrews 1854 (NLS)";"301";"BAD";"tms";"http://geo.nls.uk/maps/towns/standrews1854/{z}/{x}/{-y}.png"
"883";"OS Town Plans, St Andrews 1893 (NLS)";"301";"BAD";"tms";"http://geo.nls.uk/maps/towns/standrews1893/{z}/{x}/{-y}.png"
"884";"OS Town Plans, Stirling 1858 (NLS)";"301";"BAD";"tms";"http://geo.nls.uk/maps/towns/stirling/{z}/{x}/{-y}.png"
"885";"OS Town Plans, Stonehaven 1864 (NLS)";"301";"BAD";"tms";"http://geo.nls.uk/maps/towns/stonehaven/{z}/{x}/{-y}.png"
"886";"OS Town Plans, Stranraer 1847 (NLS)";"301";"BAD";"tms";"http://geo.nls.uk/maps/towns/stranraer1847/{z}/{x}/{-y}.png"
"887";"OS Town Plans, Stranraer 1863-1877 (NLS)";"301";"BAD";"tms";"http://geo.nls.uk/maps/towns/stranraer1867/{z}/{x}/{-y}.png"
"888";"OS Town Plans, Stranraer 1893 (NLS)";"301";"BAD";"tms";"http://geo.nls.uk/maps/towns/stranraer1893/{z}/{x}/{-y}.png"
"889";"OS Town Plans, Strathaven 1858 (NLS)";"301";"BAD";"tms";"http://geo.nls.uk/maps/towns/strathaven/{z}/{x}/{-y}.png"
"890";"OS Town Plans, Wick 1872 (NLS)";"301";"BAD";"tms";"http://geo.nls.uk/maps/towns/wick/{z}/{x}/{-y}.png"
"891";"OS Town Plans, Wigtown 1848 (NLS)";"301";"BAD";"tms";"http://geo.nls.uk/maps/towns/wigtown1848/{z}/{x}/{-y}.png"
"892";"OS Town Plans, Wigtown 1894 (NLS)";"301";"BAD";"tms";"http://geo.nls.uk/maps/towns/wigtown1894/{z}/{x}/{-y}.png"
"648";"Pangasinán/Bulacan (Phillipines HiRes)";"200";"GOOD";"tms";"http://gravitystorm.dev.openstreetmap.org/imagery/philippines/{z}/{x}/{y}.png"
"911";"PCN 2006 - Italy";"302";"BAD";"wms";"http://wms.pcn.minambiente.it/ogc"
"912";"PCN 2008 - IT Lazio+Umbria";"302";"BAD";"wms";"http://wms.pcn.minambiente.it/ogc"
"977";"Philadelphia 2015 Imagery";"200";"GOOD";"wms";"http://maps.pasda.psu.edu/arcgis/services/pasda/PhiladelphiaImagery2015/MapServer/WmsServer"
"918";"PNOA Spain";"200";"GOOD";"tms";"http://www.ign.es/wmts/pnoa-ma?request=GetTile&service=WMTS&VERSION=1.0.0&Layer=OI.OrthoimageCoverage&Style=default&Format=image/png&TileMatrixSet=GoogleMapsCompatible&TileMatrix={z}&TileRow={y}&TileCol={x}"
"793";"PNOA Spain WMS";"200";"GOOD";"wms";"http://www.idee.es/wms/PNOA/PNOA"
"488";"Positron";"403";"BAD";"tms";"http://a.basemaps.cartocdn.com/light_all/{z}/{x}/{y}.png"
"493";"Positron [no labels]";"403";"BAD";"tms";"http://a.basemaps.cartocdn.com/light_nolabels/{z}/{x}/{y}.png"
"518";"Positron [no labels] (retina)";"403";"BAD";"tms";"http://a.basemaps.cartocdn.com/light_nolabels/{z}/{x}/{y}@2x.png"
"470";"Positron (retina)";"403";"BAD";"tms";"http://a.basemaps.cartocdn.com/light_all/{z}/{x}/{y}@2x.png"
"1044";"Prague cycle map";"200";"GOOD";"tms";"http://tiles.prahounakole.cz/{z}/{x}/{y}.png"
"667";"Public Transport Lines - OV-Linien - openptmap.org";"200";"GOOD";"tms";"http://openptmap.org/tiles/{z}/{x}/{y}.png"
"1010";"QA No Address";"200";"GOOD";"tms";"http://tile3.poole.ch/noaddress/{z}/{x}/{y}.png"
"592";"Rayons of Russia";"200";"GOOD";"geojson";"http://datahub.nextgis.com/api/resource/80/geojson"
"530";"Regions of Russia (set 1)";"200";"GOOD";"geojson";"http://datahub.nextgis.com/api/resource/2/geojson"
"547";"Regions of Russia (set 2)";"200";"GOOD";"geojson";"http://datahub.nextgis.com/api/resource/43/geojson"
"984";"Rio Mosaic 2013";"200";"GOOD";"wms";"http://geo.rio.rj.gov.br/ArcGIS/services/Imagens/Mosaico_2013/MapServer/WMSServer"
"985";"Rio Mosaic 2015";"200";"GOOD";"wms";"http://pgeo3.rio.rj.gov.br/arcgis/services/Imagens/Mosaico_2015_UTM/MapServer/WmsServer"
"453";"Rosreestr BaseMap";"200";"GOOD";"tms";"http://pkk5.rosreestr.ru/arcgis/rest/services/BaseMaps/BaseMap/MapServer/tile/{z}/{y}/{x}"
"455";"Rosreestr BaseMap Annotations PKK5";"200";"GOOD";"tms";"http://pkk5.rosreestr.ru/arcgis/rest/services/BaseMaps/Anno/MapServer/tile/{z}/{y}/{x}"
"452";"Rosreestr Cadastre";"HTTPConnectionPool(host='maps.rosreestr.ru', port=80): Max retries exceeded with url: / (Caused by NewConnectionError('<requests.packages.urllib3.connection.HTTPConnection object at 0x024A2810>: Failed to establish a new connection: [Errno 10060] \xcf\xee\xef\xfb\xf2\xea\xe0 \xf3\xf1\xf2\xe0\xed\xee\xe2\xe8\xf2\xfc \xf1\xee\xe5\xe4\xe8\xed\xe5\xed\xe8\xe5 \xe1\xfb\xeb\xe0 \xe1\xe5\xe7\xf3\xf1\xef\xe5\xf8\xed\xee\xe9, \xf2.\xea. \xee\xf2 \xe4\xf0\xf3\xe3\xee\xe3\xee \xea\xee\xec\xef\xfc\xfe\xf2\xe5\xf0\xe0 \xe7\xe0 \xf2\xf0\xe5\xe1\xf3\xe5\xec\xee\xe5 \xe2\xf0\xe5\xec\xff \xed\xe5 \xef\xee\xeb\xf3\xf7\xe5\xed \xed\xf3\xe6\xed\xfb\xe9 \xee\xf2\xea\xeb\xe8\xea, \xe8\xeb\xe8 \xe1\xfb\xeb\xee \xf0\xe0\xe7\xee\xf0\xe2\xe0\xed\xee \xf3\xe6\xe5 \xf3\xf1\xf2\xe0\xed\xee\xe2\xeb\xe5\xed\xed\xee\xe5 \xf1\xee\xe5\xe4\xe8\xed\xe5\xed\xe8\xe5 \xe8\xe7-',))";"BAD";"wms";"http://maps.rosreestr.ru/arcgis/services/Cadastre/CadastreWMS/MapServer/WMSServer"
"557";"Rosreestr Cadastre PKK5 All";"200";"GOOD";"wms";"http://pkk5.rosreestr.ru/arcgis/services/Cadastre/CadastreWMS/MapServer/WMSServer"
"558";"Rosreestr Cadastre PKK5 Block";"200";"GOOD";"wms";"http://pkk5.rosreestr.ru/arcgis/services/Cadastre/CadastreWMS/MapServer/WMSServer"
"559";"Rosreestr Cadastre PKK5 Building";"200";"GOOD";"wms";"http://pkk5.rosreestr.ru/arcgis/services/Cadastre/CadastreWMS/MapServer/WMSServer"
"560";"Rosreestr Cadastre PKK5 District";"200";"GOOD";"wms";"http://pkk5.rosreestr.ru/arcgis/services/Cadastre/CadastreWMS/MapServer/WMSServer"
"561";"Rosreestr Cadastre PKK5 Land";"200";"GOOD";"wms";"http://pkk5.rosreestr.ru/arcgis/services/Cadastre/CadastreWMS/MapServer/WMSServer"
"566";"RRZE Standart HD";"200";"GOOD";"tms";"http://a.osm.rrze.fau.de/osmhd/{z}/{x}/{y}.png"
"552";"Russian Duma 2016 electoral districts, 0.1% detail";"200";"GOOD";"geojson";"http://duma2016.nextgis.com/api/resource/29/geojson"
"550";"Russian Duma 2016 electoral districts, 10% detail";"200";"GOOD";"geojson";"http://duma2016.nextgis.com/api/resource/28/geojson"
"551";"Russian Duma 2016 electoral districts, 1% detail";"200";"GOOD";"geojson";"http://duma2016.nextgis.com/api/resource/27/geojson"
"549";"Russian Duma 2016 electoral districts, 30% detail";"200";"GOOD";"geojson";"http://duma2016.nextgis.com/api/resource/26/geojson"
"548";"Russian Duma 2016 electoral districts, maximum detail";"200";"GOOD";"geojson";"http://duma2016.nextgis.com/api/resource/25/geojson"
"534";"School campus centroids throughout Pierce County";"502";"BAD";"geojson";"https://opendata.arcgis.com/datasets/e55f93248bad4729b4d1fc4c531e2e80_0.geojson"
"513";"Seamarks";"200";"GOOD";"tms";"http://t1.openseamap.org/seamark/{z}/{x}/{y}.png"
"1052";"Serie Tematica (antigua COPUT) Comunidad Valenciana";"301";"BAD";"wms";"http://cartoweb.cma.gva.es/arcgis/services/cartografia_tematica/MapServer/WMSServer"
"681";"Seznam - mapy.cz";"200";"GOOD";"tms";"http://m1.mapserver.mapy.cz/ophoto-m/{z}-{x}-{y}"
"913";"Sicily - Italy";"200";"GOOD";"wms";"http://map.sitr.regione.sicilia.it/ArcGIS/services/WGS84_F33/Ortofoto_ATA20072008_f33/MapServer/WMSServer"
"794";"SIGPAC Spain";"200";"GOOD";"wms";"http://wms.marm.es/wms/wms.aspx"
"1011";"skobbler";"200";"GOOD";"tms";"http://tiles1-4001b3692e229e3215c9b7a73e528198.skobblermaps.com/TileService/tiles/2.0/00021210101/0/{z}/{x}/{y}.png"
"940";"Slovakia Historic Maps";"200";"GOOD";"tms";"http://tms.freemap.sk/historicke/{z}/{x}/{y}.png"
"635";"Snow points";"301";"BAD";"geojson";"http://api.data.mos.ru/v1/datasets/1062/features"
"706";"South Africa CD:NGI Aerial";"200";"GOOD";"tms";"http://a.aerial.openstreetmap.org.za/ngi-aerial/{z}/{x}/{y}.jpg"
"919";"South Tyrol Orthofoto 2011";"302";"BAD";"tms";"http://geoservices.buergernetz.bz.it/geoserver/gwc/service/wmts/?SERVICE=WMTS&REQUEST=GetTile&VERSION=1.0.0&LAYER=P_BZ_OF_2011_EPSG3857&STYLE=default&TILEMATRIXSET=GoogleMapsCompatible&TILEMATRIX=GoogleMapsCompatible%3A{z}&TILEROW={y}&TILECOL={x}&FORMAT=image%2Fjpeg"
"920";"South Tyrol Orthofoto 2011 (highres)";"302";"BAD";"wms";"http://geoservices.buergernetz.bz.it/geoserver/ows"
"921";"South Tyrol Orthofoto 2014";"302";"BAD";"tms";"http://geoservices.buergernetz.bz.it/geoserver/gwc/service/wmts/?SERVICE=WMTS&REQUEST=GetTile&VERSION=1.0.0&LAYER=P_BZ_OF_2014_EPSG3857&STYLE=default&TILEMATRIXSET=GoogleMapsCompatible&TILEMATRIX=GoogleMapsCompatible%3A{z}&TILEROW={y}&TILECOL={x}&FORMAT=image%2Fjpeg"
"922";"South Tyrol Topomap";"302";"BAD";"tms";"http://geoservices.buergernetz.bz.it/geoserver/gwc/service/wmts/?SERVICE=WMTS&REQUEST=GetTile&VERSION=1.0.0&LAYER=P_BZ_BASEMAP_TOPO&STYLE=default&TILEMATRIXSET=GoogleMapsCompatible&TILEMATRIX=GoogleMapsCompatible%3A{z}&TILEROW={y}&TILECOL={x}&FORMAT=image%2Fjpeg"
"531";"Spinal Map";"200";"GOOD";"tms";"https://a.tile.thunderforest.com/spinal-map/{z}/{x}/{y}.png"
"487";"Sputnik Map";"405";"BAD";"tms";"http://tiles.maps.sputnik.ru/tiles/kmt2/{z}/{x}/{y}.png"
"579";"Sputnik Retina";"405";"BAD";"tms";"http://tiles.maps.sputnik.ru/tiles/kmt2/{z}/{x}/{y}.png?tag=retina"
"642";"SRTM 1 degree grid";"200";"GOOD";"geojson";"http://datahub.nextgis.com/api/resource/85/geojson"
"641";"SRTM 5 degrees grid";"200";"GOOD";"geojson";"http://datahub.nextgis.com/api/resource/83/geojson"
"650";"SRTM 5 degrees grid as WFS";"301";"BAD";"wfs";"http://data.nextgis.com/api/resource/88/wfs"
"761";"Stadt Bern 10cm (2016)";"200";"GOOD";"tms";"http://mapproxy.osm.ch:8080/tiles/bern2016/EPSG900913/{z}/{x}/{y}.png?origin=nw"
"762";"Stadt Bern 10cm (2016) WMS";"405";"BAD";"wms";"http://map.bern.ch/wms/OpenData/proxy.php"
"765";"Stadtplan Zürich";"200";"GOOD";"tms";"http://mapproxy.sosm.ch:8080/tiles/zh_stadtplan/EPSG900913/{z}/{x}/{y}.png?origin=nw"
"763";"Stadt Uster Orthophoto 2008 10cm";"200";"GOOD";"tms";"http://mapproxy.sosm.ch:8080/tiles/uster/EPSG900913/{z}/{x}/{y}.png?origin=nw"
"764";"Stadt Zürich Luftbild 2011";"200";"GOOD";"tms";"http://mapproxy.sosm.ch:8080/tiles/zh_luftbild2011/EPSG900913/{z}/{x}/{y}.png?origin=nw"
"593";"Stamen Terrain";"503";"BAD";"tms";"http://a.tile.stamen.com/terrain/{z}/{x}/{y}.png"
"594";"Stamen Terrain Background";"503";"BAD";"tms";"http://a.tile.stamen.com/terrain-background/{z}/{x}/{y}.png"
"595";"Stamen Terrain Labels";"503";"BAD";"tms";"http://a.tile.stamen.com/terrain-labels/{z}/{x}/{y}.png"
"596";"Stamen Terrain Lines";"503";"BAD";"tms";"http://a.tile.stamen.com/terrain-lines/{z}/{x}/{y}.png"
"528";"Stamen Toner";"503";"BAD";"tms";"http://tile.stamen.com/toner/{z}/{x}/{y}.png"
"479";"Stamen Toner Background";"503";"BAD";"tms";"http://tile.stamen.com/toner-background/{z}/{x}/{y}.png"
"522";"Stamen Toner Hybrid";"503";"BAD";"tms";"http://tile.stamen.com/toner-hybrid/{z}/{x}/{y}.png"
"517";"Stamen Toner Labels";"503";"BAD";"tms";"http://tile.stamen.com/toner-labels/{z}/{x}/{y}.png"
"506";"Stamen Toner Lite";"503";"BAD";"tms";"http://tile.stamen.com/toner-lite/{z}/{x}/{y}.png"
"490";"Stamen Toner (Retina)";"503";"BAD";"tms";"http://tile.stamen.com/toner/{z}/{x}/{y}@2x.png"
"515";"Stamen Watercolor";"503";"BAD";"tms";"http://tile.stamen.com/watercolor/{z}/{x}/{y}.jpg"
"554";"States Boundaries of the United States";"200";"GOOD";"geojson";"http://datahub.nextgis.com/api/resource/55/geojson"
"782";"Stevns (Denmark)";"200";"GOOD";"tms";"http://a.tile.openstreetmap.dk/stevns/2009/{z}/{x}/{y}.png"
"523";"Strava Both";"404";"BAD";"tms";"http://globalheat.strava.com/tiles/both/color1/{z}/{x}/{y}.png"
"495";"Strava Cycling";"404";"BAD";"tms";"http://globalheat.strava.com/tiles/cycling/color1/{z}/{x}/{y}.png"
"505";"Strava Run";"404";"BAD";"tms";"http://globalheat.strava.com/tiles/run/color1/{z}/{x}/{y}.png"
"1082";"St_Tammany_EFF_HFIRM";"200";"GOOD";"geojson";"http://maps.lsuagcenter.com/ArcGIS/rest/services/LAFloods/St_Tammany_EFF_HFIRM/MapServer"
"898";"Surrey Air Survey";"200";"GOOD";"tms";"http://gravitystorm.dev.openstreetmap.org/surrey/{z}/{x}/{y}.png"
"902";"Szeged ortophoto 2011";"200";"GOOD";"tms";"http://e.tile.openstreetmap.hu/szeged-2011-10cm/{z}/{x}/{y}.png"
"978";"Texas Orthophoto";"200";"GOOD";"tms";"https://txgi.tnris.org/login/path/ecology-fiona-poem-romeo/wmts?SERVICE=WMTS&REQUEST=GetTile&VERSION=1.0.0&LAYER=texas&STYLE=&FORMAT=image/png&tileMatrixSet=0to20&tileMatrix=0to20:{z}&tileRow={y}&tileCol={x}"
"620";"TianDiTu BaseMap";"('Connection aborted.', BadStatusLine(""''"",))";"BAD";"tms";"http://t0.tianditu.cn/DataServer?T=vec_w&X={x}&Y={y}&L={z}"
"621";"TianDiTu BaseMap Label";"('Connection aborted.', BadStatusLine(""''"",))";"BAD";"tms";"http://t0.tianditu.cn/DataServer?T=cva_w&X={x}&Y={y}&L={z}"
"622";"TianDiTu Satellite";"('Connection aborted.', BadStatusLine(""''"",))";"BAD";"tms";"http://t0.tianditu.cn/DataServer?T=img_w&X={x}&Y={y}&L={z}"
"623";"TianDiTu Satellite Label";"('Connection aborted.', BadStatusLine(""''"",))";"BAD";"tms";"http://t0.tianditu.cn/DataServer?T=cia_w&X={x}&Y={y}&L={z}"
"624";"TianDiTu Terrain";"('Connection aborted.', BadStatusLine(""''"",))";"BAD";"tms";"http://t0.tianditu.cn/DataServer?T=ter_w&X={x}&Y={y}&L={z}"
"625";"TianDiTu Terrain Label";"('Connection aborted.', BadStatusLine(""''"",))";"BAD";"tms";"http://t0.tianditu.cn/DataServer?T=cta_w&X={x}&Y={y}&L={z}"
"964";"TIGER 2012 Roads Overlay";"200";"GOOD";"tms";"http://a.tile.openstreetmap.us/tiger2012_roads_expanded/{z}/{x}/{y}.png"
"737";"Tiris: contour lines";"403";"BAD";"wms";"https://gis.tirol.gv.at/arcgis/services/Service_Public/terrain/MapServer/WmsServer"
"738";"Tiris: DGM (Terrain model)";"403";"BAD";"wms";"https://gis.tirol.gv.at/arcgis/services/Service_Public/terrain/MapServer/WmsServer"
"739";"Tiris: DOM (Surface model)";"403";"BAD";"wms";"https://gis.tirol.gv.at/arcgis/services/Service_Public/terrain/MapServer/WmsServer"
"1030";"TopoEH";"200";"GOOD";"tms";"http://mugibili.euskadi.eus/maps/topov3/{z}/{x}/{y}.png"
"928";"Topographical Map geoportail.lu";"200";"GOOD";"tms";"https://wmts3.geoportail.lu/opendata/wmts/topo/GLOBAL_WEBMERCATOR_4_V3/{z}/{x}/{y}.png"
"474";"Topomap (marshruty.ru)";"200";"GOOD";"tms";"http://maps.marshruty.ru/ml.ashx?al=1&i=1&x={x}&y={y}&z={z}"
"563";"Topomapper";"200";"GOOD";"tms";"http://144.76.234.107//cgi-bin/ta/tilecache.py/1.0.0/topomapper_v2/{z}/{x}/{y}.jpg"
"903";"Törökbálint ortophoto 2013";"200";"GOOD";"wms";"http://terkep.torokbalint.hu/mapproxy/service"
"804";"Toulouse - Orthophotoplan 2007";"200";"GOOD";"tms";"http://wms.openstreetmap.fr/tms/1.0.0/toulouse_ortho2007/{z}/{x}/{y}"
"805";"Toulouse - Orthophotoplan 2011";"200";"GOOD";"tms";"http://wms.openstreetmap.fr/tms/1.0.0/toulouse_ortho2011/{z}/{x}/{y}"
"806";"Toulouse - Orthophotoplan 2013";"200";"GOOD";"tms";"http://wms.openstreetmap.fr/tms/1.0.0/toulouse_2013/{z}/{x}/{y}"
"807";"Toulouse - Orthophotoplan 2015";"200";"GOOD";"tms";"http://wms.openstreetmap.fr/tms/1.0.0/toulouse_2015/{z}/{x}/{y}"
"809";"Tours - Orthophotos 2008-2010";"200";"GOOD";"tms";"http://wms.openstreetmap.fr/tms/1.0.0/tours/{z}/{x}/{y}"
"808";"Tours - Orthophotos 2013";"200";"GOOD";"tms";"http://wms.openstreetmap.fr/tms/1.0.0/tours_2013/{z}/{x}/{y}"
"1045";"UA Nature Conservation";"200";"GOOD";"geojson";"http://opengeo.intetics.com.ua/osm/pa/data/nature_conservation_polygon.geojson"
"1047";"UA Parks";"200";"GOOD";"geojson";"http://opengeo.intetics.com.ua/osm/pa/data/park_polygon.geojson"
"1036";"UA Protected Areas";"200";"GOOD";"geojson";"http://opengeo.intetics.com.ua/osm/pa/data/protected_area_polygon.geojson"
"1046";"UA Ramsar Sites";"200";"GOOD";"geojson";"http://opengeo.intetics.com.ua/osm/pa/data/ramsar_sites_polygon.geojson"
"766";"Übersichtsplan Zürich";"200";"GOOD";"tms";"http://mapproxy.sosm.ch:8080/tiles/zh_uebersichtsplan/EPSG900913/{z}/{x}/{y}.png?origin=nw"
"1048";"Ukraine administrative boundary";"302";"BAD";"tms";"http://atu.gki.com.ua/maps/atu.geoportal.org.ua/megi/y{y}x{x}.PNG"
"1076";"Ukraine cadastre";"409";"BAD";"wms";"http://map.land.gov.ua/geowebcache/service/wms"
"1075";"Ukraine cadastre Topo 1:100000";"409";"BAD";"tms";"http://map.land.gov.ua/map/topo100k_all/{z}/{x}/{y}.jpg"
"1073";"Ukraine ortophoto";"409";"BAD";"tms";"http://map.land.gov.ua/map/ortho10k_all/{z}/{x}/{y}.jpg"
"1074";"Ukraine ortophoto. Kiev";"409";"BAD";"tms";"http://map.land.gov.ua/map/ortho_kiev/{z}/{x}/{y}.jpg"
"966";"U.S. Forest Service roads";"200";"GOOD";"tms";"http://osm.cycle.travel/forest/{z}/{x}/{y}.png"
"967";"USGS Large Scale Imagery";"200";"GOOD";"tms";"http://a.tile.openstreetmap.us/usgs_large_scale/{z}/{x}/{y}.jpg"
"616";"USGS tectonic plates";"301";"BAD";"tms";"http://earthquake.usgs.gov/basemap/tiles/plates/{z}/{x}/{y}.png"
"968";"USGS Topographic Maps";"200";"GOOD";"tms";"http://a.tile.openstreetmap.us/usgs_scanned_topos/{z}/{x}/{y}.png"
"931";"USSR - Latvia";"200";"GOOD";"wms";"http://www.gisnet.lv/cgi-bin/topo"
"643";"UTM and Gauss Krueger 6 degree zones";"200";"GOOD";"geojson";"http://datahub.nextgis.com/api/resource/49/geojson"
"980";"Vector Streetmap for San Juan County WA";"HTTPConnectionPool(host='sjcgis.org', port=80): Max retries exceeded with url: / (Caused by NewConnectionError('<requests.packages.urllib3.connection.HTTPConnection object at 0x025526B0>: Failed to establish a new connection: [Errno 10060] \xcf\xee\xef\xfb\xf2\xea\xe0 \xf3\xf1\xf2\xe0\xed\xee\xe2\xe8\xf2\xfc \xf1\xee\xe5\xe4\xe8\xed\xe5\xed\xe8\xe5 \xe1\xfb\xeb\xe0 \xe1\xe5\xe7\xf3\xf1\xef\xe5\xf8\xed\xee\xe9, \xf2.\xea. \xee\xf2 \xe4\xf0\xf3\xe3\xee\xe3\xee \xea\xee\xec\xef\xfc\xfe\xf2\xe5\xf0\xe0 \xe7\xe0 \xf2\xf0\xe5\xe1\xf3\xe5\xec\xee\xe5 \xe2\xf0\xe5\xec\xff \xed\xe5 \xef\xee\xeb\xf3\xf7\xe5\xed \xed\xf3\xe6\xed\xfb\xe9 \xee\xf2\xea\xeb\xe8\xea, \xe8\xeb\xe8 \xe1\xfb\xeb\xee \xf0\xe0\xe7\xee\xf0\xe2\xe0\xed\xee \xf3\xe6\xe5 \xf3\xf1\xf2\xe0\xed\xee\xe2\xeb\xe5\xed\xed\xee\xe5 \xf1\xee\xe5\xe4\xe8\xed\xe5\xed\xe8\xe5 \xe8\xe7-',))";"BAD";"tms";"http://sjcgis.org/arcgis/rest/services/Basemaps/General_Basemap_WM/MapServer/tile/{z}/{y}/{x}"
"783";"Vejmidte (Denmark)";"200";"GOOD";"tms";"http://a.tile.openstreetmap.dk/danmark/vejmidte/{z}/{x}/{y}.png"
"740";"Vienna: Beschriftungen (annotations)";"302";"BAD";"tms";"https://maps.wien.gv.at/wmts/beschriftung/normal/google3857/{z}/{y}/{x}.png"
"741";"Vienna: Mehrzweckkarte (general purpose)";"302";"BAD";"tms";"https://maps.wien.gv.at/wmts/fmzk/pastell/google3857/{z}/{y}/{x}.jpeg"
"742";"Vienna: Orthofoto (aerial image)";"302";"BAD";"tms";"https://maps.wien.gv.at/wmts/lb/farbe/google3857/{z}/{y}/{x}.jpeg"
"743";"VoGIS: DGM (Terrain model)";"200";"GOOD";"wms";"http://vogis.cnv.at/mapserver/mapserv"
"744";"VoGIS: DOM (Surface model)";"200";"GOOD";"wms";"http://vogis.cnv.at/mapserver/mapserv"
"745";"VoGIS: Echtfarbenbild 2012 (12cm)";"200";"GOOD";"wms";"http://vogis.cnv.at/mapserver/mapserv"
"746";"VoGIS: Echtfarbenbild 2015 (10cm)";"200";"GOOD";"wms";"http://vogis.cnv.at/mapserver/mapserv"
"747";"VoGIS: Echtfarbenbild Winter 2015 (20cm)";"200";"GOOD";"wms";"http://vogis.cnv.at/mapserver/mapserv"
"1012";"Waymarked Trails: Cycling";"404";"BAD";"tms";"http://tile.waymarkedtrails.org/cycling/{z}/{x}/{y}.png"
"1013";"Waymarked Trails: Hiking";"404";"BAD";"tms";"http://tile.waymarkedtrails.org/hiking/{z}/{x}/{y}.png"
"1014";"Waymarked Trails: MTB";"404";"BAD";"tms";"http://tile.waymarkedtrails.org/mtb/{z}/{x}/{y}.png"
"1015";"Waymarked Trails: Skating";"404";"BAD";"tms";"http://tile.waymarkedtrails.org/skating/{z}/{x}/{y}.png"
"1016";"Waymarked Trails: Winter Sports";"404";"BAD";"tms";"http://tile.waymarkedtrails.org/slopes/{z}/{x}/{y}.png"
"516";"Waze (US)";"200";"GOOD";"tms";"https://livemap-tiles3.waze.com/tiles/{z}/{x}/{y}.png"
"512";"Waze (World)";"200";"GOOD";"tms";"https://worldtiles3.waze.com/tiles/{z}/{x}/{y}.png"
"525";"Wikimedia Map";"200";"GOOD";"tms";"https://maps.wikimedia.org/osm-intl/{z}/{x}/{y}.png"
"574";"Wikimedia Tool Labs OSM black/white";"200";"GOOD";"tms";"http://a.tiles.wmflabs.org/bw-mapnik/{z}/{x}/{y}.png"
"573";"Wikimedia Tool Labs OSM no-labels";"200";"GOOD";"tms";"http://a.tiles.wmflabs.org/osm-no-labels/{z}/{x}/{y}.png"
"572";"Wikimedia Tool Labs OSM Standard";"200";"GOOD";"tms";"http://a.tiles.wmflabs.org/osm/{z}/{x}/{y}.png"
"1081";"Wind speeds around the world via AWS Truepower";"200";"GOOD";"tms";"https://dashboards.awstruepower.com/imageSecurity/bingTile/80m200/"
"687";"WMATA Bus Lines";"200";"GOOD";"geojson";"http://opendata.dc.gov/datasets/35738eb6405f4bb0bfdceddb21ac3122_59.geojson"
"689";"WMATA Bus Stops";"200";"GOOD";"geojson";"http://opendata.dc.gov/datasets/e85b5321a5a84ff9af56fd614dab81b3_53.geojson"
"688";"WMATA Metro Rail Lines";"200";"GOOD";"geojson";"http://opendata.dc.gov/datasets/ead6291a71874bf8ba332d135036fbda_58.geojson"
"690";"WMATA Metro Stations";"200";"GOOD";"geojson";"http://opendata.dc.gov/datasets/e3896b58a4e741d48ddcda03dae9d21b_51.geojson"
"652";"Wmflabs Gray";"200";"GOOD";"tms";"http://a.tiles.wmflabs.org/bw-mapnik/{z}/{x}/{y}.png"
"664";"Адресный реестр объектов недвижимости города Москвы";"302";"BAD";"tms";"http://trolleway.nextgis.com/api/component/render/tile?z={z}&x={x}&y={y}&resource=42,45"
"1084";"Аптеки (Москва)";"200";"GOOD";"geojson";"https://gitlab.com/nextgis/data.mos.ru/raw/master/data/501/501_f.geojson"
"1085";"Аттракционы (Москва)";"200";"GOOD";"geojson";"https://gitlab.com/nextgis/data.mos.ru/raw/master/data/498/498_f.geojson"
"1087";"Госпитали для ветеранов (Москва)";"200";"GOOD";"geojson";"https://gitlab.com/nextgis/data.mos.ru/raw/master/data/504/504_f.geojson"
"1022";"Карта охотничьих угодий Нижегородской области";"200";"GOOD";"geojson";"http://oopt.aari.ru/proxy/proxy.php?http://lgtgis.aari.ru/arcgis/rest/services/MCPA/oopt_rus/MapServer/export?dpi=96&transparent=true&format=png8&bbox="
"663";"Места установки бункеров для сбора крупногабаритного мусора";"301";"BAD";"geojson";"http://api.data.mos.ru/v1/datasets/2470/features"
"1018";"ООПТ России 2011 (уменьшите яркость на клиенте)";"302";"BAD";"wms";"http://trolleway.nextgis.com/api/resource/988/wms"
"1032";"ООПТ РФ";"200";"GOOD";"wms";"http://oopt.aari.ru/proxy/proxy.php?http://lgtgis.aari.ru/arcgis/services/MCPA/ooptFS/MapServer/WMSServer?request=GetCapabilities&service=WMS"
"1083";"Перехватывающие парковки (Москва)";"200";"GOOD";"geojson";"https://gitlab.com/nextgis/data.mos.ru/raw/master/data/622/622_f.geojson"
"800";"ПЗЗ";"200";"GOOD";"geojson";"https://raw.githubusercontent.com/Archibaider/archidata/master/Velichaevka_2.geojson"
"1086";"Поликлиническая помощь взрослым (Москва)";"200";"GOOD";"geojson";"https://gitlab.com/nextgis/data.mos.ru/raw/master/data/503/503_f.geojson"
"1088";"Поликлиническая помощь детям (Москва)";"200";"GOOD";"geojson";"https://gitlab.com/nextgis/data.mos.ru/raw/master/data/504/504_f.geojson"
"1035";"Разграфка советских топокарт 1:200000";"302";"BAD";"wms";"http://trolleway.nextgis.com/api/resource/1028/wms"
"1089";"Стоматологическая помощь детям";"200";"GOOD";"geojson";"https://gitlab.com/nextgis/data.mos.ru/raw/master/data/506/506_f.geojson"
