ID;REG;LAYER;NUM
47;RU-KK;railway-line;1052
47;RU-KK;parking-polygon;218
47;RU-KK;landuse-polygon;3528
47;RU-KK;public-transport-point;267
47;RU-KK;building-point;10
47;RU-KK;highway-line;16244
47;RU-KK;aerialway-line;6
47;RU-KK;poi-polygon;1511
47;RU-KK;water-line;1602
47;RU-KK;public-transport-line;19
47;RU-KK;boundary-polygon;101
47;RU-KK;railway-station-point;83
47;RU-KK;building-polygon;36208
47;RU-KK;poi-point;1325
47;RU-KK;nature_reserve-polygon;7
47;RU-KK;land;1
47;RU-KK;settlement-polygon;266
47;RU-KK;settlement-point;295
47;RU-KK;water-polygon;1224
47;RU-KK;railway-platform-polygon;19
47;RU-KK;surface-polygon;334
47;RU-KK;aerialway-point;4
47;RU-KK;boundary-polygon-land;101
47;RU-KK;vegetation-polygon;2296
47;RU-KK;highway-crossing-point;194
77;RU-SAK;railway-line;1222
77;RU-SAK;parking-polygon;300
77;RU-SAK;coastlines;1054
77;RU-SAK;landuse-polygon;3672
77;RU-SAK;public-transport-point;290
77;RU-SAK;building-point;18
77;RU-SAK;highway-line;27640
77;RU-SAK;aerialway-line;7
77;RU-SAK;poi-polygon;2219
77;RU-SAK;water-line;25805
77;RU-SAK;public-transport-line;58
77;RU-SAK;boundary-polygon;19
77;RU-SAK;railway-station-point;111
77;RU-SAK;building-polygon;80873
77;RU-SAK;poi-point;2435
77;RU-SAK;nature_reserve-polygon;63
77;RU-SAK;land;972
77;RU-SAK;settlement-polygon;136
77;RU-SAK;settlement-point;429
77;RU-SAK;water-polygon;10093
77;RU-SAK;railway-platform-polygon;5
77;RU-SAK;water;83
77;RU-SAK;surface-polygon;1990
77;RU-SAK;aerialway-point;56
77;RU-SAK;boundary-polygon-land;18
77;RU-SAK;vegetation-polygon;28208
77;RU-SAK;highway-crossing-point;426
90;RU-YAN;railway-line;1764
90;RU-YAN;parking-polygon;376
90;RU-YAN;coastlines;685
90;RU-YAN;landuse-polygon;2891
90;RU-YAN;public-transport-point;347
90;RU-YAN;building-point;11
90;RU-YAN;highway-line;16476
90;RU-YAN;aerialway-line;1
90;RU-YAN;poi-polygon;2930
90;RU-YAN;water-line;3688
90;RU-YAN;public-transport-line;8
90;RU-YAN;boundary-polygon;57
90;RU-YAN;railway-station-point;75
90;RU-YAN;building-polygon;30814
90;RU-YAN;poi-point;2413
90;RU-YAN;nature_reserve-polygon;6
90;RU-YAN;land;657
90;RU-YAN;settlement-polygon;42
90;RU-YAN;settlement-point;152
90;RU-YAN;water-polygon;19093
90;RU-YAN;railway-platform-polygon;1
90;RU-YAN;water;30
90;RU-YAN;surface-polygon;493
90;RU-YAN;boundary-polygon-land;57
90;RU-YAN;vegetation-polygon;3318
90;RU-YAN;highway-crossing-point;665
21;RU-ALT;railway-line;2392
21;RU-ALT;parking-polygon;1031
21;RU-ALT;landuse-polygon;23454
21;RU-ALT;public-transport-point;1922
21;RU-ALT;building-point;253
21;RU-ALT;highway-line;70591
21;RU-ALT;aerialway-line;12
21;RU-ALT;poi-polygon;8009
21;RU-ALT;water-line;5990
21;RU-ALT;public-transport-line;183
21;RU-ALT;boundary-polygon;728
21;RU-ALT;railway-station-point;242
21;RU-ALT;building-polygon;226108
21;RU-ALT;poi-point;8698
21;RU-ALT;nature_reserve-polygon;49
21;RU-ALT;land;1
21;RU-ALT;settlement-polygon;847
21;RU-ALT;settlement-point;2435
21;RU-ALT;water-polygon;15958
21;RU-ALT;railway-platform-polygon;49
21;RU-ALT;surface-polygon;6805
21;RU-ALT;aerialway-point;32
21;RU-ALT;boundary-polygon-land;728
21;RU-ALT;vegetation-polygon;67631
21;RU-ALT;highway-crossing-point;980
101;RU-SPE;railway-line;5523
101;RU-SPE;parking-polygon;5183
101;RU-SPE;coastlines;62
101;RU-SPE;landuse-polygon;15709
101;RU-SPE;public-transport-point;5492
101;RU-SPE;building-point;347
101;RU-SPE;highway-line;175526
101;RU-SPE;aerialway-line;3
101;RU-SPE;poi-polygon;23538
101;RU-SPE;water-line;3593
101;RU-SPE;public-transport-line;1275
101;RU-SPE;boundary-polygon;130
101;RU-SPE;railway-station-point;172
101;RU-SPE;building-polygon;125659
101;RU-SPE;poi-point;51949
101;RU-SPE;nature_reserve-polygon;25
101;RU-SPE;land;57
101;RU-SPE;settlement-polygon;225
101;RU-SPE;settlement-point;84
101;RU-SPE;water-polygon;2431
101;RU-SPE;railway-platform-polygon;122
101;RU-SPE;water;2
101;RU-SPE;surface-polygon;4140
101;RU-SPE;aerialway-point;4
101;RU-SPE;boundary-polygon-land;128
101;RU-SPE;vegetation-polygon;8489
101;RU-SPE;highway-crossing-point;10985
45;RU-KHM;railway-line;2182
45;RU-KHM;parking-polygon;3038
45;RU-KHM;landuse-polygon;19097
45;RU-KHM;public-transport-point;1589
45;RU-KHM;building-point;819
45;RU-KHM;highway-line;96723
45;RU-KHM;aerialway-line;9
45;RU-KHM;poi-polygon;13363
45;RU-KHM;water-line;10715
45;RU-KHM;public-transport-line;39
45;RU-KHM;boundary-polygon;107
45;RU-KHM;railway-station-point;69
45;RU-KHM;building-polygon;235072
45;RU-KHM;poi-point;14639
45;RU-KHM;nature_reserve-polygon;31
45;RU-KHM;land;1
45;RU-KHM;settlement-polygon;298
45;RU-KHM;settlement-point;653
45;RU-KHM;water-polygon;55189
45;RU-KHM;railway-platform-polygon;7
45;RU-KHM;surface-polygon;3820
45;RU-KHM;aerialway-point;19
45;RU-KHM;boundary-polygon-land;107
45;RU-KHM;vegetation-polygon;39599
45;RU-KHM;highway-crossing-point;3530
32;RU-CU;railway-line;689
32;RU-CU;parking-polygon;685
32;RU-CU;landuse-polygon;8313
32;RU-CU;public-transport-point;1259
32;RU-CU;building-point;387
32;RU-CU;highway-line;45651
32;RU-CU;aerialway-line;1
32;RU-CU;poi-polygon;3442
32;RU-CU;water-line;4473
32;RU-CU;public-transport-line;66
32;RU-CU;boundary-polygon;176
32;RU-CU;railway-station-point;85
32;RU-CU;building-polygon;57340
32;RU-CU;poi-point;4781
32;RU-CU;nature_reserve-polygon;12
32;RU-CU;land;1
32;RU-CU;settlement-polygon;1658
32;RU-CU;settlement-point;1731
32;RU-CU;water-polygon;4775
32;RU-CU;railway-platform-polygon;29
32;RU-CU;surface-polygon;384
32;RU-CU;aerialway-point;2
32;RU-CU;boundary-polygon-land;176
32;RU-CU;vegetation-polygon;5379
32;RU-CU;highway-crossing-point;1246
50;RU-KO;railway-line;2143
50;RU-KO;parking-polygon;517
50;RU-KO;landuse-polygon;4870
50;RU-KO;public-transport-point;727
50;RU-KO;building-point;40
50;RU-KO;highway-line;51946
50;RU-KO;aerialway-line;2
50;RU-KO;poi-polygon;3829
50;RU-KO;water-line;7405
50;RU-KO;public-transport-line;12
50;RU-KO;boundary-polygon;189
50;RU-KO;railway-station-point;165
50;RU-KO;building-polygon;142708
50;RU-KO;poi-point;5143
50;RU-KO;nature_reserve-polygon;18
50;RU-KO;land;1
50;RU-KO;settlement-polygon;678
50;RU-KO;settlement-point;909
50;RU-KO;water-polygon;14003
50;RU-KO;railway-platform-polygon;28
50;RU-KO;surface-polygon;6319
50;RU-KO;boundary-polygon-land;189
50;RU-KO;vegetation-polygon;9166
50;RU-KO;highway-crossing-point;614
66;RU-NVS;railway-line;3614
66;RU-NVS;parking-polygon;2131
66;RU-NVS;landuse-polygon;18621
66;RU-NVS;public-transport-point;1966
66;RU-NVS;building-point;173
66;RU-NVS;highway-line;83219
66;RU-NVS;aerialway-line;18
66;RU-NVS;poi-polygon;8563
66;RU-NVS;water-line;3750
66;RU-NVS;public-transport-line;137
66;RU-NVS;boundary-polygon;502
66;RU-NVS;railway-station-point;320
66;RU-NVS;building-polygon;263464
66;RU-NVS;poi-point;7878
66;RU-NVS;nature_reserve-polygon;14
66;RU-NVS;land;1
66;RU-NVS;settlement-polygon;1387
66;RU-NVS;settlement-point;1738
66;RU-NVS;water-polygon;8503
66;RU-NVS;railway-platform-polygon;194
66;RU-NVS;surface-polygon;3259
66;RU-NVS;aerialway-point;9
66;RU-NVS;boundary-polygon-land;502
66;RU-NVS;vegetation-polygon;72743
66;RU-NVS;highway-crossing-point;1955
63;RU-NEN;parking-polygon;36
63;RU-NEN;coastlines;304
63;RU-NEN;landuse-polygon;400
63;RU-NEN;public-transport-point;39
63;RU-NEN;building-point;209
63;RU-NEN;highway-line;2688
63;RU-NEN;poi-polygon;423
63;RU-NEN;water-line;6490
63;RU-NEN;public-transport-line;1
63;RU-NEN;boundary-polygon;23
63;RU-NEN;building-polygon;6965
63;RU-NEN;poi-point;387
63;RU-NEN;nature_reserve-polygon;2
63;RU-NEN;land;271
63;RU-NEN;settlement-polygon;58
63;RU-NEN;settlement-point;105
63;RU-NEN;water-polygon;40836
63;RU-NEN;water;21
63;RU-NEN;surface-polygon;241
63;RU-NEN;boundary-polygon-land;23
63;RU-NEN;vegetation-polygon;330
63;RU-NEN;highway-crossing-point;34
25;RU-BA;railway-line;3084
25;RU-BA;parking-polygon;1493
25;RU-BA;landuse-polygon;18202
25;RU-BA;public-transport-point;1750
25;RU-BA;building-point;5399
25;RU-BA;highway-line;88929
25;RU-BA;aerialway-line;22
25;RU-BA;poi-polygon;8589
25;RU-BA;water-line;4520
25;RU-BA;public-transport-line;146
25;RU-BA;boundary-polygon;581
25;RU-BA;railway-station-point;296
25;RU-BA;building-polygon;179069
25;RU-BA;poi-point;8806
25;RU-BA;nature_reserve-polygon;8
25;RU-BA;land;1
25;RU-BA;settlement-polygon;2613
25;RU-BA;settlement-point;4672
25;RU-BA;water-polygon;4437
25;RU-BA;railway-platform-polygon;71
25;RU-BA;surface-polygon;6531
25;RU-BA;aerialway-point;134
25;RU-BA;boundary-polygon-land;581
25;RU-BA;vegetation-polygon;34759
25;RU-BA;highway-crossing-point;1439
65;RU-NIZ;railway-line;3678
65;RU-NIZ;parking-polygon;1896
65;RU-NIZ;landuse-polygon;30386
65;RU-NIZ;public-transport-point;3637
65;RU-NIZ;building-point;257
65;RU-NIZ;highway-line;142364
65;RU-NIZ;aerialway-line;16
65;RU-NIZ;poi-polygon;12343
65;RU-NIZ;water-line;5985
65;RU-NIZ;public-transport-line;548
65;RU-NIZ;boundary-polygon;408
65;RU-NIZ;railway-station-point;255
65;RU-NIZ;building-polygon;329557
65;RU-NIZ;poi-point;14586
65;RU-NIZ;nature_reserve-polygon;13
65;RU-NIZ;land;1
65;RU-NIZ;settlement-polygon;2333
65;RU-NIZ;settlement-point;4983
65;RU-NIZ;water-polygon;13618
65;RU-NIZ;railway-platform-polygon;73
65;RU-NIZ;surface-polygon;4334
65;RU-NIZ;aerialway-point;38
65;RU-NIZ;boundary-polygon-land;408
65;RU-NIZ;vegetation-polygon;37969
65;RU-NIZ;highway-crossing-point;3534
58;RU-ME;railway-line;175
58;RU-ME;parking-polygon;267
58;RU-ME;landuse-polygon;13455
58;RU-ME;public-transport-point;687
58;RU-ME;building-point;126
58;RU-ME;highway-line;32293
58;RU-ME;poi-polygon;2746
58;RU-ME;water-line;3879
58;RU-ME;public-transport-line;30
58;RU-ME;boundary-polygon;139
58;RU-ME;railway-station-point;26
58;RU-ME;building-polygon;135304
58;RU-ME;poi-point;3407
58;RU-ME;nature_reserve-polygon;42
58;RU-ME;land;1
58;RU-ME;settlement-polygon;863
58;RU-ME;settlement-point;1662
58;RU-ME;water-polygon;4954
58;RU-ME;railway-platform-polygon;2
58;RU-ME;surface-polygon;2412
58;RU-ME;boundary-polygon-land;139
58;RU-ME;vegetation-polygon;12193
58;RU-ME;highway-crossing-point;293
97;RU-TUL;railway-line;1789
97;RU-TUL;parking-polygon;706
97;RU-TUL;landuse-polygon;20152
97;RU-TUL;public-transport-point;1607
97;RU-TUL;building-point;48
97;RU-TUL;highway-line;50013
97;RU-TUL;aerialway-line;9
97;RU-TUL;poi-polygon;4262
97;RU-TUL;water-line;3293
97;RU-TUL;public-transport-line;80
97;RU-TUL;boundary-polygon;110
97;RU-TUL;railway-station-point;171
97;RU-TUL;building-polygon;68892
97;RU-TUL;poi-point;6662
97;RU-TUL;nature_reserve-polygon;6
97;RU-TUL;land;1
97;RU-TUL;settlement-polygon;900
97;RU-TUL;settlement-point;3713
97;RU-TUL;water-polygon;3958
97;RU-TUL;railway-platform-polygon;70
97;RU-TUL;surface-polygon;4207
97;RU-TUL;aerialway-point;18
97;RU-TUL;boundary-polygon-land;110
97;RU-TUL;vegetation-polygon;18111
97;RU-TUL;highway-crossing-point;1034
98;RU-SAR;railway-line;3721
98;RU-SAR;parking-polygon;910
98;RU-SAR;landuse-polygon;21598
98;RU-SAR;public-transport-point;1196
98;RU-SAR;building-point;31
98;RU-SAR;highway-line;75717
98;RU-SAR;aerialway-line;5
98;RU-SAR;poi-polygon;5747
98;RU-SAR;water-line;3546
98;RU-SAR;public-transport-line;112
98;RU-SAR;boundary-polygon;377
98;RU-SAR;railway-station-point;287
98;RU-SAR;building-polygon;168139
98;RU-SAR;poi-point;7069
98;RU-SAR;nature_reserve-polygon;39
98;RU-SAR;land;1
98;RU-SAR;settlement-polygon;680
98;RU-SAR;settlement-point;1823
98;RU-SAR;water-polygon;5736
98;RU-SAR;railway-platform-polygon;80
98;RU-SAR;surface-polygon;1466
98;RU-SAR;aerialway-point;1
98;RU-SAR;boundary-polygon-land;377
98;RU-SAR;vegetation-polygon;18148
98;RU-SAR;highway-crossing-point;1132
42;RU-KGD;railway-line;1457
42;RU-KGD;parking-polygon;915
42;RU-KGD;coastlines;34
42;RU-KGD;landuse-polygon;3637
42;RU-KGD;public-transport-point;1149
42;RU-KGD;building-point;41
42;RU-KGD;highway-line;34773
42;RU-KGD;aerialway-line;1
42;RU-KGD;poi-polygon;3964
42;RU-KGD;water-line;2892
42;RU-KGD;public-transport-line;104
42;RU-KGD;boundary-polygon;54
42;RU-KGD;railway-station-point;161
42;RU-KGD;building-polygon;56765
42;RU-KGD;poi-point;4033
42;RU-KGD;nature_reserve-polygon;7
42;RU-KGD;land;20
42;RU-KGD;settlement-polygon;287
42;RU-KGD;settlement-point;2624
42;RU-KGD;water-polygon;2750
42;RU-KGD;railway-platform-polygon;15
42;RU-KGD;water;1
42;RU-KGD;surface-polygon;246
42;RU-KGD;aerialway-point;1
42;RU-KGD;boundary-polygon-land;4
42;RU-KGD;vegetation-polygon;2776
42;RU-KGD;highway-crossing-point;1391
88;RU-VLG;railway-line;1349
88;RU-VLG;parking-polygon;717
88;RU-VLG;landuse-polygon;9876
88;RU-VLG;public-transport-point;1319
88;RU-VLG;building-point;159
88;RU-VLG;highway-line;51398
88;RU-VLG;aerialway-line;2
88;RU-VLG;poi-polygon;4361
88;RU-VLG;water-line;5207
88;RU-VLG;public-transport-line;93
88;RU-VLG;boundary-polygon;211
88;RU-VLG;railway-station-point;161
88;RU-VLG;building-polygon;136203
88;RU-VLG;poi-point;4743
88;RU-VLG;nature_reserve-polygon;59
88;RU-VLG;land;1
88;RU-VLG;settlement-polygon;1445
88;RU-VLG;settlement-point;8191
88;RU-VLG;water-polygon;7214
88;RU-VLG;railway-platform-polygon;39
88;RU-VLG;surface-polygon;4815
88;RU-VLG;aerialway-point;5
88;RU-VLG;boundary-polygon-land;211
88;RU-VLG;vegetation-polygon;16181
88;RU-VLG;highway-crossing-point;1464
61;RU-MOW;railway-line;8943
61;RU-MOW;parking-polygon;9631
61;RU-MOW;landuse-polygon;28334
61;RU-MOW;public-transport-point;10944
61;RU-MOW;building-point;775
61;RU-MOW;highway-line;252943
61;RU-MOW;aerialway-line;19
61;RU-MOW;poi-polygon;38077
61;RU-MOW;water-line;2767
61;RU-MOW;public-transport-line;2440
61;RU-MOW;boundary-polygon;159
61;RU-MOW;railway-station-point;356
61;RU-MOW;building-polygon;220426
61;RU-MOW;poi-point;77132
61;RU-MOW;nature_reserve-polygon;16
61;RU-MOW;land;1
61;RU-MOW;settlement-polygon;230
61;RU-MOW;settlement-point;314
61;RU-MOW;water-polygon;2776
61;RU-MOW;railway-platform-polygon;530
61;RU-MOW;surface-polygon;1876
61;RU-MOW;aerialway-point;7
61;RU-MOW;boundary-polygon-land;159
61;RU-MOW;vegetation-polygon;8851
61;RU-MOW;highway-crossing-point;17206
57;RU-MAG;railway-line;16
57;RU-MAG;parking-polygon;104
57;RU-MAG;coastlines;702
57;RU-MAG;landuse-polygon;799
57;RU-MAG;public-transport-point;139
57;RU-MAG;building-point;5
57;RU-MAG;highway-line;7320
57;RU-MAG;aerialway-line;2
57;RU-MAG;poi-polygon;691
57;RU-MAG;water-line;2486
57;RU-MAG;public-transport-line;5
57;RU-MAG;boundary-polygon;10
57;RU-MAG;building-polygon;10204
57;RU-MAG;poi-point;793
57;RU-MAG;nature_reserve-polygon;19
57;RU-MAG;land;641
57;RU-MAG;settlement-polygon;59
57;RU-MAG;settlement-point;258
57;RU-MAG;water-polygon;1230
57;RU-MAG;water;37
57;RU-MAG;surface-polygon;169
57;RU-MAG;boundary-polygon-land;10
57;RU-MAG;vegetation-polygon;356
57;RU-MAG;highway-crossing-point;206
34;RU-IN;railway-line;20
34;RU-IN;parking-polygon;53
34;RU-IN;landuse-polygon;316
34;RU-IN;public-transport-point;6
34;RU-IN;building-point;8
34;RU-IN;highway-line;4173
34;RU-IN;poi-polygon;324
34;RU-IN;water-line;91
34;RU-IN;public-transport-line;1
34;RU-IN;boundary-polygon;47
34;RU-IN;railway-station-point;4
34;RU-IN;building-polygon;33611
34;RU-IN;poi-point;126
34;RU-IN;nature_reserve-polygon;2
34;RU-IN;land;1
34;RU-IN;settlement-polygon;62
34;RU-IN;settlement-point;118
34;RU-IN;water-polygon;58
34;RU-IN;railway-platform-polygon;1
34;RU-IN;surface-polygon;76
34;RU-IN;boundary-polygon-land;47
34;RU-IN;vegetation-polygon;503
34;RU-IN;highway-crossing-point;27
6;LT;railway-line;3663
6;LT;parking-polygon;7175
6;LT;coastlines;21
6;LT;landuse-polygon;95004
6;LT;public-transport-point;14410
6;LT;building-point;11488
6;LT;highway-line;295659
6;LT;aerialway-line;22
6;LT;poi-polygon;20478
6;LT;water-line;19850
6;LT;public-transport-line;281
6;LT;boundary-polygon;1536
6;LT;railway-station-point;166
6;LT;building-polygon;804356
6;LT;poi-point;22110
6;LT;nature_reserve-polygon;80
6;LT;land;15
6;LT;settlement-polygon;2
6;LT;settlement-point;21301
6;LT;water-polygon;14891
6;LT;railway-platform-polygon;29
6;LT;surface-polygon;8308
6;LT;aerialway-point;11
6;LT;boundary-polygon-land;1532
6;LT;vegetation-polygon;54323
6;LT;highway-crossing-point;6974
48;RU-KL;railway-line;89
48;RU-KL;parking-polygon;14
48;RU-KL;coastlines;20
48;RU-KL;landuse-polygon;6087
48;RU-KL;public-transport-point;74
48;RU-KL;building-point;7
48;RU-KL;highway-line;8069
48;RU-KL;poi-polygon;596
48;RU-KL;water-line;1016
48;RU-KL;public-transport-line;9
48;RU-KL;boundary-polygon;129
48;RU-KL;railway-station-point;10
48;RU-KL;building-polygon;21353
48;RU-KL;poi-point;508
48;RU-KL;nature_reserve-polygon;8
48;RU-KL;land;20
48;RU-KL;settlement-polygon;241
48;RU-KL;settlement-point;298
48;RU-KL;water-polygon;782
48;RU-KL;railway-platform-polygon;6
48;RU-KL;water;7
48;RU-KL;surface-polygon;364
48;RU-KL;boundary-polygon-land;129
48;RU-KL;vegetation-polygon;1397
48;RU-KL;highway-crossing-point;21
83;RU-TYU;railway-line;1783
83;RU-TYU;parking-polygon;1638
83;RU-TYU;landuse-polygon;9379
83;RU-TYU;public-transport-point;1410
83;RU-TYU;building-point;125
83;RU-TYU;highway-line;44270
83;RU-TYU;aerialway-line;2
83;RU-TYU;poi-polygon;5322
83;RU-TYU;water-line;3146
83;RU-TYU;public-transport-line;73
83;RU-TYU;boundary-polygon;331
83;RU-TYU;railway-station-point;112
83;RU-TYU;building-polygon;93522
83;RU-TYU;poi-point;4486
83;RU-TYU;nature_reserve-polygon;10
83;RU-TYU;land;1
83;RU-TYU;settlement-polygon;1189
83;RU-TYU;settlement-point;1388
83;RU-TYU;water-polygon;5708
83;RU-TYU;railway-platform-polygon;16
83;RU-TYU;surface-polygon;2341
83;RU-TYU;boundary-polygon-land;331
83;RU-TYU;vegetation-polygon;14399
83;RU-TYU;highway-crossing-point;2092
94;RU-SVE;railway-line;12378
94;RU-SVE;parking-polygon;3720
94;RU-SVE;landuse-polygon;32162
94;RU-SVE;public-transport-point;3747
94;RU-SVE;building-point;565
94;RU-SVE;highway-line;167335
94;RU-SVE;aerialway-line;35
94;RU-SVE;poi-polygon;14151
94;RU-SVE;water-line;10180
94;RU-SVE;public-transport-line;544
94;RU-SVE;boundary-polygon;126
94;RU-SVE;railway-station-point;693
94;RU-SVE;building-polygon;262331
94;RU-SVE;poi-point;24126
94;RU-SVE;nature_reserve-polygon;13
94;RU-SVE;land;1
94;RU-SVE;settlement-polygon;1432
94;RU-SVE;settlement-point;2228
94;RU-SVE;water-polygon;17685
94;RU-SVE;railway-platform-polygon;179
94;RU-SVE;surface-polygon;21844
94;RU-SVE;aerialway-point;30
94;RU-SVE;boundary-polygon-land;126
94;RU-SVE;vegetation-polygon;94827
94;RU-SVE;highway-crossing-point;3722
86;RU-VGG;railway-line;2601
86;RU-VGG;parking-polygon;1272
86;RU-VGG;landuse-polygon;18784
86;RU-VGG;public-transport-point;1066
86;RU-VGG;building-point;799
86;RU-VGG;highway-line;82052
86;RU-VGG;aerialway-line;1
86;RU-VGG;poi-polygon;9147
86;RU-VGG;water-line;4610
86;RU-VGG;public-transport-line;103
86;RU-VGG;boundary-polygon;502
86;RU-VGG;railway-station-point;229
86;RU-VGG;building-polygon;177392
86;RU-VGG;poi-point;6762
86;RU-VGG;nature_reserve-polygon;8
86;RU-VGG;land;1
86;RU-VGG;settlement-polygon;585
86;RU-VGG;settlement-point;1534
86;RU-VGG;water-polygon;7514
86;RU-VGG;railway-platform-polygon;81
86;RU-VGG;surface-polygon;2392
86;RU-VGG;boundary-polygon-land;502
86;RU-VGG;vegetation-polygon;56647
86;RU-VGG;highway-crossing-point;1313
93;RU-ZAB;railway-line;3536
93;RU-ZAB;parking-polygon;258
93;RU-ZAB;landuse-polygon;4497
93;RU-ZAB;public-transport-point;508
93;RU-ZAB;building-point;1810
93;RU-ZAB;highway-line;27570
93;RU-ZAB;poi-polygon;2743
93;RU-ZAB;water-line;2196
93;RU-ZAB;public-transport-line;74
93;RU-ZAB;boundary-polygon;417
93;RU-ZAB;railway-station-point;286
93;RU-ZAB;building-polygon;126261
93;RU-ZAB;poi-point;1883
93;RU-ZAB;nature_reserve-polygon;9
93;RU-ZAB;land;1
93;RU-ZAB;settlement-polygon;793
93;RU-ZAB;settlement-point;845
93;RU-ZAB;water-polygon;2936
93;RU-ZAB;railway-platform-polygon;50
93;RU-ZAB;surface-polygon;428
93;RU-ZAB;boundary-polygon-land;417
93;RU-ZAB;vegetation-polygon;7361
93;RU-ZAB;highway-crossing-point;581
7;EE;railway-line;2898
7;EE;parking-polygon;3188
7;EE;coastlines;2487
7;EE;landuse-polygon;21898
7;EE;public-transport-point;15337
7;EE;building-point;100
7;EE;highway-line;149516
7;EE;aerialway-line;21
7;EE;poi-polygon;8329
7;EE;water-line;11540
7;EE;public-transport-line;232
7;EE;boundary-polygon;4801
7;EE;railway-station-point;135
7;EE;building-polygon;681195
7;EE;poi-point;14014
7;EE;nature_reserve-polygon;17
7;EE;land;2109
7;EE;settlement-polygon;101
7;EE;settlement-point;4843
7;EE;water-polygon;20808
7;EE;railway-platform-polygon;11
7;EE;water;139
7;EE;surface-polygon;4533
7;EE;boundary-polygon-land;4801
7;EE;vegetation-polygon;25050
7;EE;highway-crossing-point;3506
70;RU-PER;railway-line;6177
70;RU-PER;parking-polygon;952
70;RU-PER;landuse-polygon;32955
70;RU-PER;public-transport-point;2706
70;RU-PER;building-point;955
70;RU-PER;highway-line;152726
70;RU-PER;aerialway-line;17
70;RU-PER;poi-polygon;7931
70;RU-PER;water-line;8420
70;RU-PER;public-transport-line;230
70;RU-PER;boundary-polygon;356
70;RU-PER;railway-station-point;385
70;RU-PER;building-polygon;209586
70;RU-PER;poi-point;11318
70;RU-PER;nature_reserve-polygon;8
70;RU-PER;land;1
70;RU-PER;settlement-polygon;3773
70;RU-PER;settlement-point;3916
70;RU-PER;water-polygon;9134
70;RU-PER;railway-platform-polygon;92
70;RU-PER;surface-polygon;7374
70;RU-PER;aerialway-point;10
70;RU-PER;boundary-polygon-land;356
70;RU-PER;vegetation-polygon;63378
70;RU-PER;highway-crossing-point;1651
89;RU-VOR;railway-line;2221
89;RU-VOR;parking-polygon;986
89;RU-VOR;landuse-polygon;40622
89;RU-VOR;public-transport-point;1929
89;RU-VOR;building-point;368
89;RU-VOR;highway-line;86745
89;RU-VOR;aerialway-line;12
89;RU-VOR;poi-polygon;7052
89;RU-VOR;water-line;4100
89;RU-VOR;public-transport-line;256
89;RU-VOR;boundary-polygon;498
89;RU-VOR;railway-station-point;220
89;RU-VOR;building-polygon;253894
89;RU-VOR;poi-point;16248
89;RU-VOR;nature_reserve-polygon;256
89;RU-VOR;land;1
89;RU-VOR;settlement-polygon;1370
89;RU-VOR;settlement-point;2643
89;RU-VOR;water-polygon;8488
89;RU-VOR;railway-platform-polygon;66
89;RU-VOR;surface-polygon;1659
89;RU-VOR;aerialway-point;34
89;RU-VOR;boundary-polygon-land;498
89;RU-VOR;vegetation-polygon;22956
89;RU-VOR;highway-crossing-point;1801
40;RU-KDA;railway-line;6005
40;RU-KDA;parking-polygon;2613
40;RU-KDA;coastlines;101
40;RU-KDA;landuse-polygon;61626
40;RU-KDA;public-transport-point;4055
40;RU-KDA;building-point;31062
40;RU-KDA;highway-line;186432
40;RU-KDA;aerialway-line;143
40;RU-KDA;poi-polygon;21809
40;RU-KDA;water-line;18833
40;RU-KDA;public-transport-line;228
40;RU-KDA;boundary-polygon;441
40;RU-KDA;railway-station-point;332
40;RU-KDA;building-polygon;1108197
40;RU-KDA;poi-point;27993
40;RU-KDA;nature_reserve-polygon;34
40;RU-KDA;land;80
40;RU-KDA;settlement-polygon;1760
40;RU-KDA;settlement-point;3526
40;RU-KDA;water-polygon;9124
40;RU-KDA;railway-platform-polygon;119
40;RU-KDA;water;8
40;RU-KDA;surface-polygon;18009
40;RU-KDA;aerialway-point;445
40;RU-KDA;boundary-polygon-land;441
40;RU-KDA;vegetation-polygon;38779
40;RU-KDA;highway-crossing-point;5948
24;RU-AST;railway-line;1657
24;RU-AST;parking-polygon;160
24;RU-AST;coastlines;298
24;RU-AST;landuse-polygon;4224
24;RU-AST;public-transport-point;301
24;RU-AST;building-point;5
24;RU-AST;highway-line;29045
24;RU-AST;poi-polygon;1951
24;RU-AST;water-line;4211
24;RU-AST;public-transport-line;5
24;RU-AST;boundary-polygon;147
24;RU-AST;railway-station-point;72
24;RU-AST;building-polygon;17590
24;RU-AST;poi-point;1518
24;RU-AST;nature_reserve-polygon;7
24;RU-AST;land;289
24;RU-AST;settlement-polygon;375
24;RU-AST;settlement-point;426
24;RU-AST;water-polygon;5217
24;RU-AST;railway-platform-polygon;60
24;RU-AST;water;26
24;RU-AST;surface-polygon;1072
24;RU-AST;boundary-polygon-land;143
24;RU-AST;vegetation-polygon;7872
24;RU-AST;highway-crossing-point;318
19;RU-AD;railway-line;174
19;RU-AD;parking-polygon;185
19;RU-AD;landuse-polygon;3508
19;RU-AD;public-transport-point;323
19;RU-AD;building-point;10105
19;RU-AD;highway-line;17383
19;RU-AD;aerialway-line;9
19;RU-AD;poi-polygon;1351
19;RU-AD;water-line;3345
19;RU-AD;public-transport-line;45
19;RU-AD;boundary-polygon;62
19;RU-AD;railway-station-point;36
19;RU-AD;building-polygon;143628
19;RU-AD;poi-point;2734
19;RU-AD;nature_reserve-polygon;5
19;RU-AD;land;1
19;RU-AD;settlement-polygon;236
19;RU-AD;settlement-point;404
19;RU-AD;water-polygon;1276
19;RU-AD;railway-platform-polygon;4
19;RU-AD;surface-polygon;3370
19;RU-AD;aerialway-point;19
19;RU-AD;boundary-polygon-land;62
19;RU-AD;vegetation-polygon;5315
19;RU-AD;highway-crossing-point;808
80;RU-STA;railway-line;1463
80;RU-STA;parking-polygon;1435
80;RU-STA;landuse-polygon;20253
80;RU-STA;public-transport-point;1312
80;RU-STA;building-point;246
80;RU-STA;highway-line;57312
80;RU-STA;aerialway-line;4
80;RU-STA;poi-polygon;5516
80;RU-STA;water-line;2282
80;RU-STA;public-transport-line;87
80;RU-STA;boundary-polygon;119
80;RU-STA;railway-station-point;119
80;RU-STA;building-polygon;300417
80;RU-STA;poi-point;8090
80;RU-STA;nature_reserve-polygon;22
80;RU-STA;land;1
80;RU-STA;settlement-polygon;520
80;RU-STA;settlement-point;799
80;RU-STA;water-polygon;4009
80;RU-STA;railway-platform-polygon;25
80;RU-STA;surface-polygon;1804
80;RU-STA;aerialway-point;10
80;RU-STA;boundary-polygon-land;119
80;RU-STA;vegetation-polygon;23421
80;RU-STA;highway-crossing-point;1952
27;RU-BRY;railway-line;1432
27;RU-BRY;parking-polygon;361
27;RU-BRY;landuse-polygon;7281
27;RU-BRY;public-transport-point;849
27;RU-BRY;building-point;18
27;RU-BRY;highway-line;34757
27;RU-BRY;aerialway-line;2
27;RU-BRY;poi-polygon;2896
27;RU-BRY;water-line;1559
27;RU-BRY;public-transport-line;50
27;RU-BRY;boundary-polygon;300
27;RU-BRY;railway-station-point;159
27;RU-BRY;building-polygon;96884
27;RU-BRY;poi-point;3254
27;RU-BRY;nature_reserve-polygon;6
27;RU-BRY;land;1
27;RU-BRY;settlement-polygon;1210
27;RU-BRY;settlement-point;2769
27;RU-BRY;water-polygon;2344
27;RU-BRY;railway-platform-polygon;32
27;RU-BRY;surface-polygon;1102
27;RU-BRY;boundary-polygon-land;300
27;RU-BRY;vegetation-polygon;7992
27;RU-BRY;highway-crossing-point;816
95;RU-TA;railway-line;2612
95;RU-TA;parking-polygon;2140
95;RU-TA;landuse-polygon;22291
95;RU-TA;public-transport-point;2435
95;RU-TA;building-point;1375
95;RU-TA;highway-line;108177
95;RU-TA;aerialway-line;5
95;RU-TA;poi-polygon;12235
95;RU-TA;water-line;2873
95;RU-TA;public-transport-line;209
95;RU-TA;boundary-polygon;966
95;RU-TA;railway-station-point;180
95;RU-TA;building-polygon;207572
95;RU-TA;poi-point;13226
95;RU-TA;nature_reserve-polygon;5
95;RU-TA;land;1
95;RU-TA;settlement-polygon;2264
95;RU-TA;settlement-point;3154
95;RU-TA;water-polygon;3282
95;RU-TA;railway-platform-polygon;33
95;RU-TA;surface-polygon;936
95;RU-TA;aerialway-point;24
95;RU-TA;boundary-polygon-land;966
95;RU-TA;vegetation-polygon;22948
95;RU-TA;highway-crossing-point;3613
20;RU-AL;parking-polygon;79
20;RU-AL;landuse-polygon;2940
20;RU-AL;public-transport-point;270
20;RU-AL;building-point;123
20;RU-AL;highway-line;11772
20;RU-AL;aerialway-line;4
20;RU-AL;poi-polygon;529
20;RU-AL;water-line;6138
20;RU-AL;public-transport-line;18
20;RU-AL;boundary-polygon;104
20;RU-AL;building-polygon;25297
20;RU-AL;poi-point;1660
20;RU-AL;nature_reserve-polygon;8
20;RU-AL;land;1
20;RU-AL;settlement-polygon;182
20;RU-AL;settlement-point;302
20;RU-AL;water-polygon;3602
20;RU-AL;surface-polygon;957
20;RU-AL;aerialway-point;37
20;RU-AL;boundary-polygon-land;104
20;RU-AL;vegetation-polygon;7745
20;RU-AL;highway-crossing-point;72
59;RU-MO;railway-line;923
59;RU-MO;parking-polygon;314
59;RU-MO;landuse-polygon;7534
59;RU-MO;public-transport-point;580
59;RU-MO;building-point;28
59;RU-MO;highway-line;27463
59;RU-MO;poi-polygon;1914
59;RU-MO;water-line;5291
59;RU-MO;public-transport-line;7
59;RU-MO;boundary-polygon;380
59;RU-MO;railway-station-point;91
59;RU-MO;building-polygon;90064
59;RU-MO;poi-point;3216
59;RU-MO;nature_reserve-polygon;2
59;RU-MO;land;1
59;RU-MO;settlement-polygon;959
59;RU-MO;settlement-point;1354
59;RU-MO;water-polygon;4505
59;RU-MO;railway-platform-polygon;30
59;RU-MO;surface-polygon;950
59;RU-MO;boundary-polygon-land;380
59;RU-MO;vegetation-polygon;12332
59;RU-MO;highway-crossing-point;825
91;RU-YAR;railway-line;1515
91;RU-YAR;parking-polygon;1212
91;RU-YAR;landuse-polygon;20117
91;RU-YAR;public-transport-point;2137
91;RU-YAR;building-point;37
91;RU-YAR;highway-line;67540
91;RU-YAR;aerialway-line;7
91;RU-YAR;poi-polygon;6459
91;RU-YAR;water-line;5077
91;RU-YAR;public-transport-line;129
91;RU-YAR;boundary-polygon;150
91;RU-YAR;railway-station-point;144
91;RU-YAR;building-polygon;174157
91;RU-YAR;poi-point;8096
91;RU-YAR;nature_reserve-polygon;4
91;RU-YAR;land;1
91;RU-YAR;settlement-polygon;5613
91;RU-YAR;settlement-point;6556
91;RU-YAR;water-polygon;12345
91;RU-YAR;railway-platform-polygon;66
91;RU-YAR;surface-polygon;3852
91;RU-YAR;aerialway-point;2
91;RU-YAR;boundary-polygon-land;150
91;RU-YAR;vegetation-polygon;29895
91;RU-YAR;highway-crossing-point;1827
85;RU-ULY;railway-line;1737
85;RU-ULY;parking-polygon;1356
85;RU-ULY;landuse-polygon;9895
85;RU-ULY;public-transport-point;1425
85;RU-ULY;building-point;40
85;RU-ULY;highway-line;71080
85;RU-ULY;aerialway-line;2
85;RU-ULY;poi-polygon;5163
85;RU-ULY;water-line;1867
85;RU-ULY;public-transport-line;212
85;RU-ULY;boundary-polygon;173
85;RU-ULY;railway-station-point;96
85;RU-ULY;building-polygon;189694
85;RU-ULY;poi-point;6897
85;RU-ULY;nature_reserve-polygon;9
85;RU-ULY;land;1
85;RU-ULY;settlement-polygon;549
85;RU-ULY;settlement-point;999
85;RU-ULY;water-polygon;2016
85;RU-ULY;railway-platform-polygon;14
85;RU-ULY;surface-polygon;1935
85;RU-ULY;aerialway-point;12
85;RU-ULY;boundary-polygon-land;173
85;RU-ULY;vegetation-polygon;16578
85;RU-ULY;highway-crossing-point;1387
56;RU-LIP;railway-line;1505
56;RU-LIP;parking-polygon;467
56;RU-LIP;landuse-polygon;31382
56;RU-LIP;public-transport-point;1312
56;RU-LIP;building-point;1834
56;RU-LIP;highway-line;52653
56;RU-LIP;poi-polygon;3652
56;RU-LIP;water-line;3614
56;RU-LIP;public-transport-line;117
56;RU-LIP;boundary-polygon;319
56;RU-LIP;railway-station-point;121
56;RU-LIP;building-polygon;134784
56;RU-LIP;poi-point;4658
56;RU-LIP;nature_reserve-polygon;13
56;RU-LIP;land;1
56;RU-LIP;settlement-polygon;1205
56;RU-LIP;settlement-point;1691
56;RU-LIP;water-polygon;5863
56;RU-LIP;railway-platform-polygon;30
56;RU-LIP;surface-polygon;3377
56;RU-LIP;boundary-polygon-land;319
56;RU-LIP;vegetation-polygon;25667
56;RU-LIP;highway-crossing-point;1010
31;RU-CHU;railway-line;2
31;RU-CHU;parking-polygon;10
31;RU-CHU;coastlines;434
31;RU-CHU;landuse-polygon;200
31;RU-CHU;public-transport-point;31
31;RU-CHU;building-point;1
31;RU-CHU;highway-line;2887
31;RU-CHU;aerialway-line;2
31;RU-CHU;poi-polygon;360
31;RU-CHU;water-line;2664
31;RU-CHU;public-transport-line;4
31;RU-CHU;boundary-polygon;28
31;RU-CHU;building-polygon;7799
31;RU-CHU;poi-point;465
31;RU-CHU;nature_reserve-polygon;3
31;RU-CHU;land;379
31;RU-CHU;settlement-polygon;24
31;RU-CHU;settlement-point;167
31;RU-CHU;water-polygon;9653
31;RU-CHU;water;23
31;RU-CHU;surface-polygon;95
31;RU-CHU;boundary-polygon-land;28
31;RU-CHU;vegetation-polygon;104
31;RU-CHU;highway-crossing-point;53
36;RU-IVA;railway-line;628
36;RU-IVA;parking-polygon;284
36;RU-IVA;landuse-polygon;14288
36;RU-IVA;public-transport-point;751
36;RU-IVA;building-point;168
36;RU-IVA;highway-line;33965
36;RU-IVA;aerialway-line;3
36;RU-IVA;poi-polygon;2631
36;RU-IVA;water-line;1528
36;RU-IVA;public-transport-line;42
36;RU-IVA;boundary-polygon;149
36;RU-IVA;railway-station-point;49
36;RU-IVA;building-polygon;70050
36;RU-IVA;poi-point;2820
36;RU-IVA;nature_reserve-polygon;4
36;RU-IVA;land;1
36;RU-IVA;settlement-polygon;3004
36;RU-IVA;settlement-point;3802
36;RU-IVA;water-polygon;3107
36;RU-IVA;railway-platform-polygon;9
36;RU-IVA;surface-polygon;887
36;RU-IVA;boundary-polygon-land;149
36;RU-IVA;vegetation-polygon;10855
36;RU-IVA;highway-crossing-point;709
96;RU-TAM;railway-line;715
96;RU-TAM;parking-polygon;487
96;RU-TAM;landuse-polygon;11358
96;RU-TAM;public-transport-point;1026
96;RU-TAM;building-point;34
96;RU-TAM;highway-line;40371
96;RU-TAM;poi-polygon;2632
96;RU-TAM;water-line;4288
96;RU-TAM;public-transport-line;61
96;RU-TAM;boundary-polygon;281
96;RU-TAM;railway-station-point;124
96;RU-TAM;building-polygon;169849
96;RU-TAM;poi-point;4274
96;RU-TAM;nature_reserve-polygon;18
96;RU-TAM;land;1
96;RU-TAM;settlement-polygon;520
96;RU-TAM;settlement-point;1687
96;RU-TAM;water-polygon;6051
96;RU-TAM;railway-platform-polygon;28
96;RU-TAM;surface-polygon;3589
96;RU-TAM;boundary-polygon-land;281
96;RU-TAM;vegetation-polygon;10181
96;RU-TAM;highway-crossing-point;857
69;RU-ORL;railway-line;823
69;RU-ORL;parking-polygon;246
69;RU-ORL;landuse-polygon;5607
69;RU-ORL;public-transport-point;443
69;RU-ORL;building-point;11
69;RU-ORL;highway-line;18452
69;RU-ORL;poi-polygon;1390
69;RU-ORL;water-line;773
69;RU-ORL;public-transport-line;39
69;RU-ORL;boundary-polygon;268
69;RU-ORL;railway-station-point;99
69;RU-ORL;building-polygon;68364
69;RU-ORL;poi-point;1982
69;RU-ORL;nature_reserve-polygon;2
69;RU-ORL;land;1
69;RU-ORL;settlement-polygon;234
69;RU-ORL;settlement-point;2945
69;RU-ORL;water-polygon;1429
69;RU-ORL;railway-platform-polygon;13
69;RU-ORL;surface-polygon;1862
69;RU-ORL;boundary-polygon-land;268
69;RU-ORL;vegetation-polygon;5513
69;RU-ORL;highway-crossing-point;377
72;RU-PRI;railway-line;2617
72;RU-PRI;parking-polygon;7174
72;RU-PRI;coastlines;356
72;RU-PRI;landuse-polygon;6632
72;RU-PRI;public-transport-point;1360
72;RU-PRI;building-point;14
72;RU-PRI;highway-line;127044
72;RU-PRI;aerialway-line;14
72;RU-PRI;poi-polygon;15070
72;RU-PRI;water-line;3312
72;RU-PRI;public-transport-line;197
72;RU-PRI;boundary-polygon;164
72;RU-PRI;railway-station-point;225
72;RU-PRI;building-polygon;327544
72;RU-PRI;poi-point;8440
72;RU-PRI;nature_reserve-polygon;20
72;RU-PRI;land;304
72;RU-PRI;settlement-polygon;676
72;RU-PRI;settlement-point;739
72;RU-PRI;water-polygon;1853
72;RU-PRI;railway-platform-polygon;27
72;RU-PRI;water;19
72;RU-PRI;surface-polygon;1123
72;RU-PRI;aerialway-point;15
72;RU-PRI;boundary-polygon-land;164
72;RU-PRI;vegetation-polygon;5705
72;RU-PRI;highway-crossing-point;934
54;RU-KYA;railway-line;5002
54;RU-KYA;parking-polygon;1333
54;RU-KYA;coastlines;1409
54;RU-KYA;landuse-polygon;25549
54;RU-KYA;public-transport-point;1640
54;RU-KYA;building-point;1203
54;RU-KYA;highway-line;85046
54;RU-KYA;aerialway-line;10
54;RU-KYA;poi-polygon;7630
54;RU-KYA;water-line;11783
54;RU-KYA;public-transport-line;115
54;RU-KYA;boundary-polygon;583
54;RU-KYA;railway-station-point;536
54;RU-KYA;building-polygon;184376
54;RU-KYA;poi-point;7132
54;RU-KYA;nature_reserve-polygon;20
54;RU-KYA;land;1279
54;RU-KYA;settlement-polygon;1478
54;RU-KYA;settlement-point;2017
54;RU-KYA;water-polygon;36956
54;RU-KYA;railway-platform-polygon;28
54;RU-KYA;water;107
54;RU-KYA;surface-polygon;859
54;RU-KYA;aerialway-point;5
54;RU-KYA;boundary-polygon-land;583
54;RU-KYA;vegetation-polygon;31293
54;RU-KYA;highway-crossing-point;1513
28;RU-BU;railway-line;1850
28;RU-BU;parking-polygon;248
28;RU-BU;landuse-polygon;3787
28;RU-BU;public-transport-point;342
28;RU-BU;building-point;89
28;RU-BU;highway-line;22555
28;RU-BU;poi-polygon;1852
28;RU-BU;water-line;4558
28;RU-BU;public-transport-line;42
28;RU-BU;boundary-polygon;292
28;RU-BU;railway-station-point;134
28;RU-BU;building-polygon;38920
28;RU-BU;poi-point;1644
28;RU-BU;nature_reserve-polygon;14
28;RU-BU;land;1
28;RU-BU;settlement-polygon;318
28;RU-BU;settlement-point;736
28;RU-BU;water-polygon;2661
28;RU-BU;railway-platform-polygon;16
28;RU-BU;surface-polygon;603
28;RU-BU;boundary-polygon-land;292
28;RU-BU;vegetation-polygon;2906
28;RU-BU;highway-crossing-point;315
11;AM;railway-line;848
11;AM;parking-polygon;401
11;AM;landuse-polygon;7225
11;AM;public-transport-point;433
11;AM;building-point;403
11;AM;highway-line;66482
11;AM;aerialway-line;12
11;AM;poi-polygon;3464
11;AM;water-line;3927
11;AM;public-transport-line;10
11;AM;boundary-polygon;33
11;AM;railway-station-point;76
11;AM;building-polygon;200671
11;AM;poi-point;9865
11;AM;nature_reserve-polygon;15
11;AM;land;1
11;AM;settlement-polygon;642
11;AM;settlement-point;954
11;AM;water-polygon;786
11;AM;railway-platform-polygon;9
11;AM;surface-polygon;525
11;AM;aerialway-point;56
11;AM;boundary-polygon-land;33
11;AM;vegetation-polygon;1983
11;AM;highway-crossing-point;770
46;RU-KIR;railway-line;1968
46;RU-KIR;parking-polygon;359
46;RU-KIR;landuse-polygon;13425
46;RU-KIR;public-transport-point;1245
46;RU-KIR;building-point;31
46;RU-KIR;highway-line;59430
46;RU-KIR;aerialway-line;9
46;RU-KIR;poi-polygon;3646
46;RU-KIR;water-line;7934
46;RU-KIR;public-transport-line;121
46;RU-KIR;boundary-polygon;371
46;RU-KIR;railway-station-point;255
46;RU-KIR;building-polygon;204271
46;RU-KIR;poi-point;5176
46;RU-KIR;nature_reserve-polygon;2
46;RU-KIR;land;1
46;RU-KIR;settlement-polygon;3041
46;RU-KIR;settlement-point;5426
46;RU-KIR;water-polygon;8420
46;RU-KIR;railway-platform-polygon;37
46;RU-KIR;surface-polygon;12264
46;RU-KIR;aerialway-point;29
46;RU-KIR;boundary-polygon-land;371
46;RU-KIR;vegetation-polygon;85193
46;RU-KIR;highway-crossing-point;311
60;RU-MOS;railway-line;6907
60;RU-MOS;parking-polygon;7057
60;RU-MOS;landuse-polygon;104611
60;RU-MOS;public-transport-point;14350
60;RU-MOS;building-point;1329
60;RU-MOS;highway-line;343453
60;RU-MOS;aerialway-line;64
60;RU-MOS;poi-polygon;31444
60;RU-MOS;water-line;22105
60;RU-MOS;public-transport-line;2716
60;RU-MOS;boundary-polygon;220
60;RU-MOS;railway-station-point;507
60;RU-MOS;building-polygon;664208
60;RU-MOS;poi-point;54131
60;RU-MOS;nature_reserve-polygon;30
60;RU-MOS;land;1
60;RU-MOS;settlement-polygon;5161
60;RU-MOS;settlement-point;6226
60;RU-MOS;water-polygon;27944
60;RU-MOS;railway-platform-polygon;680
60;RU-MOS;surface-polygon;14152
60;RU-MOS;aerialway-point;67
60;RU-MOS;boundary-polygon-land;220
60;RU-MOS;vegetation-polygon;56996
60;RU-MOS;highway-crossing-point;12709
87;RU-VLA;railway-line;1179
87;RU-VLA;parking-polygon;2342
87;RU-VLA;landuse-polygon;21636
87;RU-VLA;public-transport-point;2139
87;RU-VLA;building-point;628
87;RU-VLA;highway-line;97642
87;RU-VLA;aerialway-line;10
87;RU-VLA;poi-polygon;7025
87;RU-VLA;water-line;8693
87;RU-VLA;public-transport-line;535
87;RU-VLA;boundary-polygon;132
87;RU-VLA;railway-station-point;224
87;RU-VLA;building-polygon;214666
87;RU-VLA;poi-point;16022
87;RU-VLA;nature_reserve-polygon;59
87;RU-VLA;land;1
87;RU-VLA;settlement-polygon;2495
87;RU-VLA;settlement-point;2797
87;RU-VLA;water-polygon;13113
87;RU-VLA;railway-platform-polygon;38
87;RU-VLA;surface-polygon;11268
87;RU-VLA;aerialway-point;3
87;RU-VLA;boundary-polygon-land;132
87;RU-VLA;vegetation-polygon;55807
87;RU-VLA;highway-crossing-point;2031
12;TM;railway-line;1655
12;TM;parking-polygon;493
12;TM;coastlines;46
12;TM;landuse-polygon;2364
12;TM;public-transport-point;828
12;TM;building-point;14
12;TM;highway-line;34015
12;TM;aerialway-line;1
12;TM;poi-polygon;3648
12;TM;water-line;1227
12;TM;public-transport-line;5
12;TM;boundary-polygon;7
12;TM;railway-station-point;197
12;TM;building-polygon;49409
12;TM;poi-point;2719
12;TM;nature_reserve-polygon;6
12;TM;land;45
12;TM;settlement-polygon;88
12;TM;settlement-point;367
12;TM;water-polygon;448
12;TM;railway-platform-polygon;33
12;TM;water;1
12;TM;surface-polygon;3
12;TM;aerialway-point;20
12;TM;boundary-polygon-land;7
12;TM;vegetation-polygon;127
12;TM;highway-crossing-point;138
79;RU-SMO;railway-line;970
79;RU-SMO;parking-polygon;248
79;RU-SMO;landuse-polygon;5291
79;RU-SMO;public-transport-point;742
79;RU-SMO;building-point;25
79;RU-SMO;highway-line;31225
79;RU-SMO;poi-polygon;1785
79;RU-SMO;water-line;7223
79;RU-SMO;public-transport-line;49
79;RU-SMO;boundary-polygon;3674
79;RU-SMO;railway-station-point;186
79;RU-SMO;building-polygon;124908
79;RU-SMO;poi-point;4454
79;RU-SMO;nature_reserve-polygon;15
79;RU-SMO;land;1
79;RU-SMO;settlement-polygon;4857
79;RU-SMO;settlement-point;5090
79;RU-SMO;water-polygon;2444
79;RU-SMO;railway-platform-polygon;6
79;RU-SMO;surface-polygon;4485
79;RU-SMO;boundary-polygon-land;3674
79;RU-SMO;vegetation-polygon;8101
79;RU-SMO;highway-crossing-point;564
75;RU-RYA;railway-line;2116
75;RU-RYA;parking-polygon;663
75;RU-RYA;landuse-polygon;15689
75;RU-RYA;public-transport-point;1715
75;RU-RYA;building-point;52
75;RU-RYA;highway-line;51724
75;RU-RYA;poi-polygon;4770
75;RU-RYA;water-line;4447
75;RU-RYA;public-transport-line;1480
75;RU-RYA;boundary-polygon;301
75;RU-RYA;railway-station-point;181
75;RU-RYA;building-polygon;119188
75;RU-RYA;poi-point;5231
75;RU-RYA;nature_reserve-polygon;9
75;RU-RYA;land;1
75;RU-RYA;settlement-polygon;2427
75;RU-RYA;settlement-point;3161
75;RU-RYA;water-polygon;6350
75;RU-RYA;railway-platform-polygon;180
75;RU-RYA;surface-polygon;4003
75;RU-RYA;aerialway-point;1
75;RU-RYA;boundary-polygon-land;301
75;RU-RYA;vegetation-polygon;21930
75;RU-RYA;highway-crossing-point;1085
30;RU-CHE;railway-line;10950
30;RU-CHE;parking-polygon;2811
30;RU-CHE;landuse-polygon;27697
30;RU-CHE;public-transport-point;2823
30;RU-CHE;building-point;124
30;RU-CHE;highway-line;132367
30;RU-CHE;aerialway-line;37
30;RU-CHE;poi-polygon;13664
30;RU-CHE;water-line;5237
30;RU-CHE;public-transport-line;197
30;RU-CHE;boundary-polygon;322
30;RU-CHE;railway-station-point;398
30;RU-CHE;building-polygon;366228
30;RU-CHE;poi-point;17235
30;RU-CHE;nature_reserve-polygon;12
30;RU-CHE;land;1
30;RU-CHE;settlement-polygon;1367
30;RU-CHE;settlement-point;1757
30;RU-CHE;water-polygon;8507
30;RU-CHE;railway-platform-polygon;70
30;RU-CHE;surface-polygon;4021
30;RU-CHE;aerialway-point;47
30;RU-CHE;boundary-polygon-land;322
30;RU-CHE;vegetation-polygon;37063
30;RU-CHE;highway-crossing-point;2794
68;RU-ORE;railway-line;2457
68;RU-ORE;parking-polygon;547
68;RU-ORE;landuse-polygon;18706
68;RU-ORE;public-transport-point;979
68;RU-ORE;building-point;84
68;RU-ORE;highway-line;70329
68;RU-ORE;aerialway-line;3
68;RU-ORE;poi-polygon;4984
68;RU-ORE;water-line;2406
68;RU-ORE;public-transport-line;36
68;RU-ORE;boundary-polygon;563
68;RU-ORE;railway-station-point;205
68;RU-ORE;building-polygon;245962
68;RU-ORE;poi-point;4469
68;RU-ORE;nature_reserve-polygon;12
68;RU-ORE;land;1
68;RU-ORE;settlement-polygon;942
68;RU-ORE;settlement-point;1776
68;RU-ORE;water-polygon;3342
68;RU-ORE;railway-platform-polygon;43
68;RU-ORE;surface-polygon;1898
68;RU-ORE;aerialway-point;40
68;RU-ORE;boundary-polygon-land;563
68;RU-ORE;vegetation-polygon;17434
68;RU-ORE;highway-crossing-point;1885
23;RU-ARK;railway-line;2445
23;RU-ARK;parking-polygon;1208
23;RU-ARK;coastlines;1305
23;RU-ARK;landuse-polygon;16953
23;RU-ARK;public-transport-point;1737
23;RU-ARK;building-point;368
23;RU-ARK;highway-line;98182
23;RU-ARK;aerialway-line;1
23;RU-ARK;poi-polygon;5786
23;RU-ARK;water-line;20178
23;RU-ARK;public-transport-line;154
23;RU-ARK;boundary-polygon;215
23;RU-ARK;railway-station-point;338
23;RU-ARK;building-polygon;184963
23;RU-ARK;poi-point;14055
23;RU-ARK;nature_reserve-polygon;13
23;RU-ARK;land;1157
23;RU-ARK;settlement-polygon;1087
23;RU-ARK;settlement-point;4643
23;RU-ARK;water-polygon;33531
23;RU-ARK;railway-platform-polygon;64
23;RU-ARK;water;108
23;RU-ARK;surface-polygon;7349
23;RU-ARK;aerialway-point;8
23;RU-ARK;boundary-polygon-land;214
23;RU-ARK;vegetation-polygon;32001
23;RU-ARK;highway-crossing-point;1464
15;KG;railway-line;710
15;KG;parking-polygon;450
15;KG;landuse-polygon;8106
15;KG;public-transport-point;964
15;KG;building-point;161
15;KG;highway-line;73707
15;KG;aerialway-line;22
15;KG;poi-polygon;6942
15;KG;water-line;6055
15;KG;public-transport-line;44
15;KG;boundary-polygon;23
15;KG;railway-station-point;64
15;KG;building-polygon;361804
15;KG;poi-point;12541
15;KG;nature_reserve-polygon;18
15;KG;land;1
15;KG;settlement-polygon;1588
15;KG;settlement-point;1748
15;KG;water-polygon;2397
15;KG;railway-platform-polygon;5
15;KG;surface-polygon;741
15;KG;aerialway-point;32
15;KG;boundary-polygon-land;23
15;KG;vegetation-polygon;1497
15;KG;highway-crossing-point;893
37;RU-KAM;parking-polygon;276
37;RU-KAM;coastlines;581
37;RU-KAM;landuse-polygon;1530
37;RU-KAM;public-transport-point;302
37;RU-KAM;building-point;16
37;RU-KAM;highway-line;15066
37;RU-KAM;aerialway-line;9
37;RU-KAM;poi-polygon;1681
37;RU-KAM;water-line;4356
37;RU-KAM;public-transport-line;1
37;RU-KAM;boundary-polygon;68
37;RU-KAM;building-polygon;27026
37;RU-KAM;poi-point;2335
37;RU-KAM;nature_reserve-polygon;6
37;RU-KAM;land;541
37;RU-KAM;settlement-polygon;75
37;RU-KAM;settlement-point;230
37;RU-KAM;water-polygon;8662
37;RU-KAM;water;30
37;RU-KAM;surface-polygon;932
37;RU-KAM;aerialway-point;17
37;RU-KAM;boundary-polygon-land;66
37;RU-KAM;vegetation-polygon;3454
37;RU-KAM;highway-crossing-point;255
16;UZ;railway-line;6805
16;UZ;parking-polygon;1181
16;UZ;landuse-polygon;16700
16;UZ;public-transport-point;1855
16;UZ;building-point;1063
16;UZ;highway-line;212451
16;UZ;aerialway-line;11
16;UZ;poi-polygon;16846
16;UZ;water-line;15396
16;UZ;public-transport-line;42
16;UZ;boundary-polygon;93
16;UZ;railway-station-point;458
16;UZ;building-polygon;162068
16;UZ;poi-point;22497
16;UZ;nature_reserve-polygon;24
16;UZ;land;1
16;UZ;settlement-polygon;3341
16;UZ;settlement-point;3528
16;UZ;water-polygon;3328
16;UZ;railway-platform-polygon;57
16;UZ;surface-polygon;2841
16;UZ;aerialway-point;56
16;UZ;boundary-polygon-land;93
16;UZ;vegetation-polygon;2186
16;UZ;highway-crossing-point;2118
84;RU-UD;railway-line;2063
84;RU-UD;parking-polygon;820
84;RU-UD;landuse-polygon;9388
84;RU-UD;public-transport-point;1157
84;RU-UD;building-point;62
84;RU-UD;highway-line;50584
84;RU-UD;aerialway-line;7
84;RU-UD;poi-polygon;4557
84;RU-UD;water-line;6742
84;RU-UD;public-transport-line;97
84;RU-UD;boundary-polygon;339
84;RU-UD;railway-station-point;180
84;RU-UD;building-polygon;122883
84;RU-UD;poi-point;4505
84;RU-UD;nature_reserve-polygon;8
84;RU-UD;land;1
84;RU-UD;settlement-polygon;1831
84;RU-UD;settlement-point;2011
84;RU-UD;water-polygon;3632
84;RU-UD;railway-platform-polygon;21
84;RU-UD;surface-polygon;1671
84;RU-UD;aerialway-point;2
84;RU-UD;boundary-polygon-land;339
84;RU-UD;vegetation-polygon;21246
84;RU-UD;highway-crossing-point;1195
17;TJ;railway-line;607
17;TJ;parking-polygon;137
17;TJ;landuse-polygon;7755
17;TJ;public-transport-point;182
17;TJ;building-point;324
17;TJ;highway-line;45757
17;TJ;aerialway-line;4
17;TJ;poi-polygon;3221
17;TJ;water-line;4805
17;TJ;public-transport-line;1
17;TJ;boundary-polygon;55
17;TJ;railway-station-point;56
17;TJ;building-polygon;118749
17;TJ;poi-point;4156
17;TJ;nature_reserve-polygon;2
17;TJ;settlement-polygon;385
17;TJ;settlement-point;1310
17;TJ;water-polygon;1375
17;TJ;railway-platform-polygon;3
17;TJ;surface-polygon;397
17;TJ;aerialway-point;2
17;TJ;vegetation-polygon;8690
17;TJ;highway-crossing-point;84
73;RU-PSK;railway-line;1183
73;RU-PSK;parking-polygon;648
73;RU-PSK;landuse-polygon;12751
73;RU-PSK;public-transport-point;1334
73;RU-PSK;building-point;92
73;RU-PSK;highway-line;51089
73;RU-PSK;aerialway-line;3
73;RU-PSK;poi-polygon;3751
73;RU-PSK;water-line;6814
73;RU-PSK;public-transport-line;72
73;RU-PSK;boundary-polygon;146
73;RU-PSK;railway-station-point;176
73;RU-PSK;building-polygon;150808
73;RU-PSK;poi-point;6674
73;RU-PSK;nature_reserve-polygon;10
73;RU-PSK;land;1
73;RU-PSK;settlement-polygon;3045
73;RU-PSK;settlement-point;8955
73;RU-PSK;water-polygon;9751
73;RU-PSK;railway-platform-polygon;12
73;RU-PSK;surface-polygon;11242
73;RU-PSK;aerialway-point;5
73;RU-PSK;boundary-polygon-land;146
73;RU-PSK;vegetation-polygon;23179
73;RU-PSK;highway-crossing-point;1118
33;RU-DA;railway-line;689
33;RU-DA;parking-polygon;125
33;RU-DA;coastlines;24
33;RU-DA;landuse-polygon;3579
33;RU-DA;public-transport-point;130
33;RU-DA;building-point;53
33;RU-DA;highway-line;29328
33;RU-DA;poi-polygon;2360
33;RU-DA;water-line;1389
33;RU-DA;public-transport-line;11
33;RU-DA;boundary-polygon;571
33;RU-DA;railway-station-point;85
33;RU-DA;building-polygon;58051
33;RU-DA;poi-point;4511
33;RU-DA;nature_reserve-polygon;7
33;RU-DA;land;22
33;RU-DA;settlement-polygon;369
33;RU-DA;settlement-point;1606
33;RU-DA;water-polygon;493
33;RU-DA;railway-platform-polygon;5
33;RU-DA;water;3
33;RU-DA;surface-polygon;401
33;RU-DA;boundary-polygon-land;571
33;RU-DA;vegetation-polygon;4799
33;RU-DA;highway-crossing-point;195
92;RU-YEV;railway-line;685
92;RU-YEV;parking-polygon;77
92;RU-YEV;landuse-polygon;658
92;RU-YEV;public-transport-point;99
92;RU-YEV;building-point;2
92;RU-YEV;highway-line;5735
92;RU-YEV;aerialway-line;1
92;RU-YEV;poi-polygon;492
92;RU-YEV;water-line;1272
92;RU-YEV;public-transport-line;9
92;RU-YEV;boundary-polygon;34
92;RU-YEV;railway-station-point;71
92;RU-YEV;building-polygon;10911
92;RU-YEV;poi-point;518
92;RU-YEV;nature_reserve-polygon;4
92;RU-YEV;land;1
92;RU-YEV;settlement-polygon;102
92;RU-YEV;settlement-point;112
92;RU-YEV;water-polygon;1611
92;RU-YEV;surface-polygon;256
92;RU-YEV;boundary-polygon-land;34
92;RU-YEV;vegetation-polygon;6683
92;RU-YEV;highway-crossing-point;85
18;KZ;railway-line;13917
18;KZ;parking-polygon;3235
18;KZ;coastlines;18
18;KZ;landuse-polygon;36651
18;KZ;public-transport-point;3948
18;KZ;building-point;12450
18;KZ;highway-line;240162
18;KZ;aerialway-line;34
18;KZ;poi-polygon;21163
18;KZ;water-line;9758
18;KZ;public-transport-line;113
18;KZ;boundary-polygon;449
18;KZ;railway-station-point;997
18;KZ;building-polygon;886387
18;KZ;poi-point;37479
18;KZ;nature_reserve-polygon;54
18;KZ;land;14
18;KZ;settlement-polygon;2112
18;KZ;settlement-point;7733
18;KZ;water-polygon;11965
18;KZ;railway-platform-polygon;74
18;KZ;water;6
18;KZ;surface-polygon;6453
18;KZ;aerialway-point;44
18;KZ;boundary-polygon-land;449
18;KZ;vegetation-polygon;33246
18;KZ;highway-crossing-point;2518
82;RU-TVE;railway-line;2145
82;RU-TVE;parking-polygon;580
82;RU-TVE;landuse-polygon;26672
82;RU-TVE;public-transport-point;1685
82;RU-TVE;building-point;291
82;RU-TVE;highway-line;75681
82;RU-TVE;aerialway-line;1
82;RU-TVE;poi-polygon;4801
82;RU-TVE;water-line;7941
82;RU-TVE;public-transport-line;74
82;RU-TVE;boundary-polygon;340
82;RU-TVE;railway-station-point;286
82;RU-TVE;building-polygon;174050
82;RU-TVE;poi-point;9966
82;RU-TVE;nature_reserve-polygon;8
82;RU-TVE;land;1
82;RU-TVE;settlement-polygon;3213
82;RU-TVE;settlement-point;9757
82;RU-TVE;water-polygon;9807
82;RU-TVE;railway-platform-polygon;25
82;RU-TVE;surface-polygon;6005
82;RU-TVE;boundary-polygon-land;340
82;RU-TVE;vegetation-polygon;25915
82;RU-TVE;highway-crossing-point;1257
4;RU;railway-line;187538
4;RU;parking-polygon;96161
4;RU;coastlines;16239
4;RU;landuse-polygon;1261714
4;RU;public-transport-point;127659
4;RU;building-point;82835
4;RU;highway-line;5249435
4;RU;aerialway-line;755
4;RU;poi-polygon;502041
4;RU;water-line;462968
4;RU;public-transport-line;15203
4;RU;boundary-polygon;25222
4;RU;railway-station-point;14899
4;RU;building-polygon;12523487
4;RU;poi-point;693909
4;RU;nature_reserve-polygon;1623
4;RU;land;15248
4;RU;settlement-polygon;92128
4;RU;settlement-point;175849
4;RU;water-polygon;814884
4;RU;railway-platform-polygon;4579
4;RU;water;1103
4;RU;surface-polygon;324362
4;RU;aerialway-point;1665
4;RU;boundary-polygon-land;230
4;RU;vegetation-polygon;1858182
4;RU;highway-crossing-point;133508
39;RU-KC;railway-line;148
39;RU-KC;parking-polygon;56
39;RU-KC;landuse-polygon;2591
39;RU-KC;public-transport-point;255
39;RU-KC;building-point;14
39;RU-KC;highway-line;12415
39;RU-KC;aerialway-line;19
39;RU-KC;poi-polygon;638
39;RU-KC;water-line;7633
39;RU-KC;public-transport-line;1
39;RU-KC;boundary-polygon;15
39;RU-KC;railway-station-point;9
39;RU-KC;building-polygon;44270
39;RU-KC;poi-point;1582
39;RU-KC;nature_reserve-polygon;4
39;RU-KC;land;1
39;RU-KC;settlement-polygon;163
39;RU-KC;settlement-point;462
39;RU-KC;water-polygon;1586
39;RU-KC;surface-polygon;6882
39;RU-KC;aerialway-point;26
39;RU-KC;boundary-polygon-land;15
39;RU-KC;vegetation-polygon;8287
39;RU-KC;highway-crossing-point;48
52;RU-KR;railway-line;1785
52;RU-KR;parking-polygon;617
52;RU-KR;coastlines;2168
52;RU-KR;landuse-polygon;7596
52;RU-KR;public-transport-point;708
52;RU-KR;building-point;95
52;RU-KR;highway-line;53806
52;RU-KR;aerialway-line;2
52;RU-KR;poi-polygon;4235
52;RU-KR;water-line;21417
52;RU-KR;public-transport-line;40
52;RU-KR;boundary-polygon;128
52;RU-KR;railway-station-point;231
52;RU-KR;building-polygon;81306
52;RU-KR;poi-point;6089
52;RU-KR;nature_reserve-polygon;19
52;RU-KR;land;2148
52;RU-KR;settlement-polygon;405
52;RU-KR;settlement-point;1198
52;RU-KR;water-polygon;62788
52;RU-KR;railway-platform-polygon;20
52;RU-KR;water;116
52;RU-KR;surface-polygon;23700
52;RU-KR;boundary-polygon-land;124
52;RU-KR;vegetation-polygon;92598
52;RU-KR;highway-crossing-point;588
10;MD;railway-line;2625
10;MD;parking-polygon;528
10;MD;landuse-polygon;24425
10;MD;public-transport-point;1520
10;MD;building-point;39846
10;MD;highway-line;104605
10;MD;aerialway-line;1
10;MD;poi-polygon;7322
10;MD;water-line;3096
10;MD;public-transport-line;346
10;MD;boundary-polygon;173
10;MD;railway-station-point;178
10;MD;building-polygon;234604
10;MD;poi-point;14705
10;MD;nature_reserve-polygon;8
10;MD;land;1
10;MD;settlement-polygon;213
10;MD;settlement-point;1671
10;MD;water-polygon;3848
10;MD;railway-platform-polygon;45
10;MD;surface-polygon;901
10;MD;aerialway-point;2
10;MD;boundary-polygon-land;173
10;MD;vegetation-polygon;9434
10;MD;highway-crossing-point;594
38;RU-KB;railway-line;271
38;RU-KB;parking-polygon;53
38;RU-KB;landuse-polygon;2301
38;RU-KB;public-transport-point;103
38;RU-KB;building-point;10
38;RU-KB;highway-line;9373
38;RU-KB;aerialway-line;13
38;RU-KB;poi-polygon;834
38;RU-KB;water-line;1863
38;RU-KB;public-transport-line;46
38;RU-KB;boundary-polygon;20
38;RU-KB;railway-station-point;21
38;RU-KB;building-polygon;20516
38;RU-KB;poi-point;1543
38;RU-KB;nature_reserve-polygon;2
38;RU-KB;land;1
38;RU-KB;settlement-polygon;183
38;RU-KB;settlement-point;254
38;RU-KB;water-polygon;350
38;RU-KB;railway-platform-polygon;11
38;RU-KB;surface-polygon;681
38;RU-KB;aerialway-point;91
38;RU-KB;boundary-polygon-land;20
38;RU-KB;vegetation-polygon;2182
38;RU-KB;highway-crossing-point;83
74;RU-ROS;railway-line;4170
74;RU-ROS;parking-polygon;1498
74;RU-ROS;coastlines;13
74;RU-ROS;landuse-polygon;35735
74;RU-ROS;public-transport-point;3216
74;RU-ROS;building-point;620
74;RU-ROS;highway-line;108902
74;RU-ROS;poi-polygon;10691
74;RU-ROS;water-line;5512
74;RU-ROS;public-transport-line;161
74;RU-ROS;boundary-polygon;473
74;RU-ROS;railway-station-point;322
74;RU-ROS;building-polygon;285108
74;RU-ROS;poi-point;12577
74;RU-ROS;nature_reserve-polygon;91
74;RU-ROS;land;6
74;RU-ROS;settlement-polygon;2225
74;RU-ROS;settlement-point;2325
74;RU-ROS;water-polygon;4919
74;RU-ROS;railway-platform-polygon;147
74;RU-ROS;water;1
74;RU-ROS;surface-polygon;1852
74;RU-ROS;boundary-polygon-land;473
74;RU-ROS;vegetation-polygon;38299
74;RU-ROS;highway-crossing-point;3671
8;BY;railway-line;11451
8;BY;parking-polygon;15565
8;BY;landuse-polygon;107080
8;BY;public-transport-point;17554
8;BY;building-point;1518
8;BY;highway-line;518362
8;BY;aerialway-line;16
8;BY;poi-polygon;51792
8;BY;water-line;116450
8;BY;public-transport-line;1027
8;BY;boundary-polygon;23934
8;BY;railway-station-point;1022
8;BY;building-polygon;1591737
8;BY;poi-point;78702
8;BY;nature_reserve-polygon;178
8;BY;land;1
8;BY;settlement-polygon;22806
8;BY;settlement-point;24544
8;BY;water-polygon;46367
8;BY;railway-platform-polygon;121
8;BY;surface-polygon;25663
8;BY;aerialway-point;7
8;BY;boundary-polygon-land;23934
8;BY;vegetation-polygon;81152
8;BY;highway-crossing-point;17944
103;RU-SE;railway-line;314
103;RU-SE;parking-polygon;185
103;RU-SE;landuse-polygon;1581
103;RU-SE;public-transport-point;815
103;RU-SE;building-point;7268
103;RU-SE;highway-line;9120
103;RU-SE;aerialway-line;3
103;RU-SE;poi-polygon;1209
103;RU-SE;water-line;649
103;RU-SE;public-transport-line;218
103;RU-SE;boundary-polygon;72
103;RU-SE;railway-station-point;23
103;RU-SE;building-polygon;27990
103;RU-SE;poi-point;867
103;RU-SE;nature_reserve-polygon;16
103;RU-SE;land;1
103;RU-SE;settlement-polygon;172
103;RU-SE;settlement-point;262
103;RU-SE;water-polygon;185
103;RU-SE;railway-platform-polygon;2
103;RU-SE;surface-polygon;128
103;RU-SE;aerialway-point;10
103;RU-SE;boundary-polygon-land;72
103;RU-SE;vegetation-polygon;1536
103;RU-SE;highway-crossing-point;113
29;RU-CE;railway-line;374
29;RU-CE;parking-polygon;120
29;RU-CE;landuse-polygon;3762
29;RU-CE;public-transport-point;40
29;RU-CE;building-point;25
29;RU-CE;highway-line;18517
29;RU-CE;poi-polygon;966
29;RU-CE;water-line;627
29;RU-CE;public-transport-line;3
29;RU-CE;boundary-polygon;253
29;RU-CE;railway-station-point;19
29;RU-CE;building-polygon;29644
29;RU-CE;poi-point;945
29;RU-CE;nature_reserve-polygon;4
29;RU-CE;land;1
29;RU-CE;settlement-polygon;127
29;RU-CE;settlement-point;380
29;RU-CE;water-polygon;248
29;RU-CE;railway-platform-polygon;5
29;RU-CE;surface-polygon;122
29;RU-CE;boundary-polygon-land;253
29;RU-CE;vegetation-polygon;2295
29;RU-CE;highway-crossing-point;338
35;RU-IRK;railway-line;5885
35;RU-IRK;parking-polygon;1007
35;RU-IRK;landuse-polygon;33401
35;RU-IRK;public-transport-point;1497
35;RU-IRK;building-point;4202
35;RU-IRK;highway-line;75924
35;RU-IRK;aerialway-line;13
35;RU-IRK;poi-polygon;8668
35;RU-IRK;water-line;5636
35;RU-IRK;public-transport-line;125
35;RU-IRK;boundary-polygon;467
35;RU-IRK;railway-station-point;510
35;RU-IRK;building-polygon;120994
35;RU-IRK;poi-point;6294
35;RU-IRK;nature_reserve-polygon;13
35;RU-IRK;land;1
35;RU-IRK;settlement-polygon;354
35;RU-IRK;settlement-point;1710
35;RU-IRK;water-polygon;3741
35;RU-IRK;railway-platform-polygon;63
35;RU-IRK;surface-polygon;2920
35;RU-IRK;boundary-polygon-land;467
35;RU-IRK;vegetation-polygon;23240
35;RU-IRK;highway-crossing-point;1203
64;RU-NGR;railway-line;813
64;RU-NGR;parking-polygon;463
64;RU-NGR;landuse-polygon;9514
64;RU-NGR;public-transport-point;915
64;RU-NGR;building-point;100
64;RU-NGR;highway-line;31688
64;RU-NGR;aerialway-line;2
64;RU-NGR;poi-polygon;3114
64;RU-NGR;water-line;2963
64;RU-NGR;public-transport-line;37
64;RU-NGR;boundary-polygon;184
64;RU-NGR;railway-station-point;176
64;RU-NGR;building-polygon;63500
64;RU-NGR;poi-point;4428
64;RU-NGR;nature_reserve-polygon;15
64;RU-NGR;land;1
64;RU-NGR;settlement-polygon;796
64;RU-NGR;settlement-point;4206
64;RU-NGR;water-polygon;4963
64;RU-NGR;railway-platform-polygon;16
64;RU-NGR;surface-polygon;2018
64;RU-NGR;aerialway-point;2
64;RU-NGR;boundary-polygon-land;184
64;RU-NGR;vegetation-polygon;8793
64;RU-NGR;highway-crossing-point;685
71;RU-PNZ;railway-line;1258
71;RU-PNZ;parking-polygon;830
71;RU-PNZ;landuse-polygon;16054
71;RU-PNZ;public-transport-point;1089
71;RU-PNZ;building-point;4402
71;RU-PNZ;highway-line;50087
71;RU-PNZ;aerialway-line;3
71;RU-PNZ;poi-polygon;3575
71;RU-PNZ;water-line;4179
71;RU-PNZ;public-transport-line;78
71;RU-PNZ;boundary-polygon;327
71;RU-PNZ;railway-station-point;199
71;RU-PNZ;building-polygon;75087
71;RU-PNZ;poi-point;6963
71;RU-PNZ;nature_reserve-polygon;6
71;RU-PNZ;land;1
71;RU-PNZ;settlement-polygon;1269
71;RU-PNZ;settlement-point;1496
71;RU-PNZ;water-polygon;3980
71;RU-PNZ;railway-platform-polygon;42
71;RU-PNZ;surface-polygon;3983
71;RU-PNZ;aerialway-point;7
71;RU-PNZ;boundary-polygon-land;327
71;RU-PNZ;vegetation-polygon;18327
71;RU-PNZ;highway-crossing-point;1024
99;RU-TY;railway-line;7
99;RU-TY;parking-polygon;13
99;RU-TY;landuse-polygon;954
99;RU-TY;public-transport-point;17
99;RU-TY;building-point;244
99;RU-TY;highway-line;4951
99;RU-TY;poi-polygon;142
99;RU-TY;water-line;1173
99;RU-TY;boundary-polygon;145
99;RU-TY;building-polygon;7286
99;RU-TY;poi-point;256
99;RU-TY;nature_reserve-polygon;3
99;RU-TY;land;1
99;RU-TY;settlement-polygon;57
99;RU-TY;settlement-point;195
99;RU-TY;water-polygon;811
99;RU-TY;surface-polygon;6
99;RU-TY;boundary-polygon-land;145
99;RU-TY;vegetation-polygon;369
99;RU-TY;highway-crossing-point;37
43;RU-KGN;railway-line;1192
43;RU-KGN;parking-polygon;190
43;RU-KGN;landuse-polygon;2891
43;RU-KGN;public-transport-point;315
43;RU-KGN;building-point;71
43;RU-KGN;highway-line;22696
43;RU-KGN;poi-polygon;1705
43;RU-KGN;water-line;658
43;RU-KGN;public-transport-line;6
43;RU-KGN;boundary-polygon;461
43;RU-KGN;railway-station-point;115
43;RU-KGN;building-polygon;68593
43;RU-KGN;poi-point;1191
43;RU-KGN;nature_reserve-polygon;1
43;RU-KGN;land;1
43;RU-KGN;settlement-polygon;246
43;RU-KGN;settlement-point;1241
43;RU-KGN;water-polygon;3946
43;RU-KGN;railway-platform-polygon;15
43;RU-KGN;surface-polygon;2186
43;RU-KGN;boundary-polygon-land;461
43;RU-KGN;vegetation-polygon;9830
43;RU-KGN;highway-crossing-point;120
5;LV;railway-line;4463
5;LV;parking-polygon;4141
5;LV;coastlines;6
5;LV;landuse-polygon;21491
5;LV;public-transport-point;8150
5;LV;building-point;556
5;LV;highway-line;162678
5;LV;aerialway-line;91
5;LV;poi-polygon;12825
5;LV;water-line;7275
5;LV;public-transport-line;532
5;LV;boundary-polygon;547
5;LV;railway-station-point;224
5;LV;building-polygon;416895
5;LV;poi-point;18511
5;LV;nature_reserve-polygon;439
5;LV;land;2
5;LV;settlement-polygon;174
5;LV;settlement-point;5617
5;LV;water-polygon;16407
5;LV;railway-platform-polygon;87
5;LV;water;13
5;LV;surface-polygon;2105
5;LV;aerialway-point;39
5;LV;boundary-polygon-land;547
5;LV;vegetation-polygon;22067
5;LV;highway-crossing-point;3573
62;RU-MUR;railway-line;1515
62;RU-MUR;parking-polygon;600
62;RU-MUR;coastlines;1155
62;RU-MUR;landuse-polygon;3771
62;RU-MUR;public-transport-point;873
62;RU-MUR;building-point;75
62;RU-MUR;highway-line;33179
62;RU-MUR;aerialway-line;28
62;RU-MUR;poi-polygon;6115
62;RU-MUR;water-line;11371
62;RU-MUR;public-transport-line;51
62;RU-MUR;boundary-polygon;52
62;RU-MUR;railway-station-point;134
62;RU-MUR;building-polygon;45337
62;RU-MUR;poi-point;7025
62;RU-MUR;nature_reserve-polygon;29
62;RU-MUR;land;1092
62;RU-MUR;settlement-polygon;140
62;RU-MUR;settlement-point;453
62;RU-MUR;water-polygon;51575
62;RU-MUR;railway-platform-polygon;10
62;RU-MUR;water;87
62;RU-MUR;surface-polygon;1172
62;RU-MUR;aerialway-point;54
62;RU-MUR;boundary-polygon-land;50
62;RU-MUR;vegetation-polygon;17149
62;RU-MUR;highway-crossing-point;1020
14;UA;railway-line;47117
14;UA;parking-polygon;15170
14;UA;coastlines;467
14;UA;landuse-polygon;365940
14;UA;public-transport-point;26278
14;UA;building-point;12233
14;UA;highway-line;1323040
14;UA;aerialway-line;126
14;UA;poi-polygon;120898
14;UA;water-line;74586
14;UA;public-transport-line;2218
14;UA;boundary-polygon;13099
14;UA;railway-station-point;4075
14;UA;building-polygon;3408584
14;UA;poi-point;177027
14;UA;nature_reserve-polygon;1948
14;UA;land;366
14;UA;settlement-polygon;13965
14;UA;settlement-point;32887
14;UA;water-polygon;108731
14;UA;railway-platform-polygon;1112
14;UA;water;30
14;UA;surface-polygon;74822
14;UA;aerialway-point;251
14;UA;boundary-polygon-land;65
14;UA;vegetation-polygon;355525
14;UA;highway-crossing-point;23381
81;RU-TOM;railway-line;977
81;RU-TOM;parking-polygon;1157
81;RU-TOM;landuse-polygon;9627
81;RU-TOM;public-transport-point;776
81;RU-TOM;building-point;26
81;RU-TOM;highway-line;39940
81;RU-TOM;aerialway-line;2
81;RU-TOM;poi-polygon;4578
81;RU-TOM;water-line;1563
81;RU-TOM;public-transport-line;34
81;RU-TOM;boundary-polygon;141
81;RU-TOM;railway-station-point;56
81;RU-TOM;building-polygon;67373
81;RU-TOM;poi-point;5157
81;RU-TOM;nature_reserve-polygon;20
81;RU-TOM;land;1
81;RU-TOM;settlement-polygon;257
81;RU-TOM;settlement-point;706
81;RU-TOM;water-polygon;4574
81;RU-TOM;railway-platform-polygon;13
81;RU-TOM;surface-polygon;1166
81;RU-TOM;aerialway-point;4
81;RU-TOM;boundary-polygon-land;141
81;RU-TOM;vegetation-polygon;13537
81;RU-TOM;highway-crossing-point;890
78;RU-SAM;railway-line;4042
78;RU-SAM;parking-polygon;2275
78;RU-SAM;landuse-polygon;25932
78;RU-SAM;public-transport-point;2009
78;RU-SAM;building-point;56
78;RU-SAM;highway-line;82812
78;RU-SAM;aerialway-line;10
78;RU-SAM;poi-polygon;10802
78;RU-SAM;water-line;2269
78;RU-SAM;public-transport-line;157
78;RU-SAM;boundary-polygon;347
78;RU-SAM;railway-station-point;232
78;RU-SAM;building-polygon;231814
78;RU-SAM;poi-point;7521
78;RU-SAM;nature_reserve-polygon;67
78;RU-SAM;land;1
78;RU-SAM;settlement-polygon;620
78;RU-SAM;settlement-point;1388
78;RU-SAM;water-polygon;8745
78;RU-SAM;railway-platform-polygon;158
78;RU-SAM;surface-polygon;10236
78;RU-SAM;aerialway-point;2
78;RU-SAM;boundary-polygon-land;347
78;RU-SAM;vegetation-polygon;25900
78;RU-SAM;highway-crossing-point;1688
67;RU-OMS;railway-line;2003
67;RU-OMS;parking-polygon;891
67;RU-OMS;landuse-polygon;11194
67;RU-OMS;public-transport-point;1426
67;RU-OMS;building-point;91
67;RU-OMS;highway-line;82911
67;RU-OMS;aerialway-line;1
67;RU-OMS;poi-polygon;6389
67;RU-OMS;water-line;2991
67;RU-OMS;public-transport-line;134
67;RU-OMS;boundary-polygon;432
67;RU-OMS;railway-station-point;154
67;RU-OMS;building-polygon;149594
67;RU-OMS;poi-point;7598
67;RU-OMS;nature_reserve-polygon;3
67;RU-OMS;land;1
67;RU-OMS;settlement-polygon;367
67;RU-OMS;settlement-point;1539
67;RU-OMS;water-polygon;7302
67;RU-OMS;railway-platform-polygon;109
67;RU-OMS;surface-polygon;6326
67;RU-OMS;boundary-polygon-land;432
67;RU-OMS;vegetation-polygon;89119
67;RU-OMS;highway-crossing-point;1471
22;RU-AMU;railway-line;2970
22;RU-AMU;parking-polygon;309
22;RU-AMU;landuse-polygon;1418
22;RU-AMU;public-transport-point;308
22;RU-AMU;building-point;16
22;RU-AMU;highway-line;21399
22;RU-AMU;aerialway-line;1
22;RU-AMU;poi-polygon;1927
22;RU-AMU;water-line;1437
22;RU-AMU;public-transport-line;24
22;RU-AMU;boundary-polygon;287
22;RU-AMU;railway-station-point;246
22;RU-AMU;building-polygon;20210
22;RU-AMU;poi-point;1826
22;RU-AMU;nature_reserve-polygon;7
22;RU-AMU;land;1
22;RU-AMU;settlement-polygon;207
22;RU-AMU;settlement-point;661
22;RU-AMU;water-polygon;1422
22;RU-AMU;railway-platform-polygon;15
22;RU-AMU;surface-polygon;251
22;RU-AMU;boundary-polygon-land;287
22;RU-AMU;vegetation-polygon;1672
22;RU-AMU;highway-crossing-point;369
108;RU-SEV;railway-line;213
108;RU-SEV;parking-polygon;176
108;RU-SEV;coastlines;23
108;RU-SEV;landuse-polygon;2311
108;RU-SEV;public-transport-point;505
108;RU-SEV;building-point;17
108;RU-SEV;highway-line;14498
108;RU-SEV;aerialway-line;2
108;RU-SEV;poi-polygon;1775
108;RU-SEV;water-line;108
108;RU-SEV;public-transport-line;54
108;RU-SEV;boundary-polygon;19
108;RU-SEV;railway-station-point;13
108;RU-SEV;building-polygon;30459
108;RU-SEV;poi-point;4244
108;RU-SEV;nature_reserve-polygon;12
108;RU-SEV;land;17
108;RU-SEV;settlement-polygon;50
108;RU-SEV;settlement-point;83
108;RU-SEV;water-polygon;170
108;RU-SEV;railway-platform-polygon;1
108;RU-SEV;water;2
108;RU-SEV;surface-polygon;566
108;RU-SEV;boundary-polygon-land;19
108;RU-SEV;vegetation-polygon;1344
108;RU-SEV;highway-crossing-point;313
55;RU-LEN;railway-line;4540
55;RU-LEN;parking-polygon;2260
55;RU-LEN;coastlines;1033
55;RU-LEN;landuse-polygon;30840
55;RU-LEN;public-transport-point;4200
55;RU-LEN;building-point;527
55;RU-LEN;highway-line;167991
55;RU-LEN;aerialway-line;45
55;RU-LEN;poi-polygon;12291
55;RU-LEN;water-line;22536
55;RU-LEN;public-transport-line;877
55;RU-LEN;boundary-polygon;344
55;RU-LEN;railway-station-point;473
55;RU-LEN;building-polygon;363460
55;RU-LEN;poi-point;18815
55;RU-LEN;nature_reserve-polygon;82
55;RU-LEN;land;996
55;RU-LEN;settlement-polygon;1681
55;RU-LEN;settlement-point;3486
55;RU-LEN;water-polygon;27021
55;RU-LEN;railway-platform-polygon;193
55;RU-LEN;water;96
55;RU-LEN;surface-polygon;20296
55;RU-LEN;aerialway-point;106
55;RU-LEN;boundary-polygon-land;341
55;RU-LEN;vegetation-polygon;63438
55;RU-LEN;highway-crossing-point;3305
9;AZ;railway-line;2642
9;AZ;parking-polygon;905
9;AZ;coastlines;95
9;AZ;landuse-polygon;12254
9;AZ;public-transport-point;611
9;AZ;building-point;160
9;AZ;highway-line;116044
9;AZ;aerialway-line;11
9;AZ;poi-polygon;6006
9;AZ;water-line;2234
9;AZ;public-transport-line;32
9;AZ;boundary-polygon;97
9;AZ;railway-station-point;157
9;AZ;building-polygon;53926
9;AZ;poi-point;12718
9;AZ;nature_reserve-polygon;14
9;AZ;land;90
9;AZ;settlement-polygon;2870
9;AZ;settlement-point;3567
9;AZ;water-polygon;2625
9;AZ;railway-platform-polygon;11
9;AZ;water;3
9;AZ;surface-polygon;1740
9;AZ;boundary-polygon-land;4
9;AZ;vegetation-polygon;6665
9;AZ;highway-crossing-point;369
51;RU-KOS;railway-line;808
51;RU-KOS;parking-polygon;297
51;RU-KOS;landuse-polygon;9424
51;RU-KOS;public-transport-point;564
51;RU-KOS;building-point;45
51;RU-KOS;highway-line;22889
51;RU-KOS;poi-polygon;1872
51;RU-KOS;water-line;1868
51;RU-KOS;public-transport-line;25
51;RU-KOS;boundary-polygon;179
51;RU-KOS;railway-station-point;103
51;RU-KOS;building-polygon;41392
51;RU-KOS;poi-point;1928
51;RU-KOS;nature_reserve-polygon;4
51;RU-KOS;land;1
51;RU-KOS;settlement-polygon;1036
51;RU-KOS;settlement-point;4204
51;RU-KOS;water-polygon;2519
51;RU-KOS;railway-platform-polygon;11
51;RU-KOS;surface-polygon;1715
51;RU-KOS;boundary-polygon-land;179
51;RU-KOS;vegetation-polygon;12266
51;RU-KOS;highway-crossing-point;321
13;GE;railway-line;2252
13;GE;parking-polygon;551
13;GE;coastlines;8
13;GE;landuse-polygon;14593
13;GE;public-transport-point;880
13;GE;building-point;121
13;GE;highway-line;151486
13;GE;aerialway-line;73
13;GE;poi-polygon;8455
13;GE;water-line;16140
13;GE;public-transport-line;84
13;GE;boundary-polygon;102
13;GE;railway-station-point;292
13;GE;building-polygon;137314
13;GE;poi-point;31803
13;GE;nature_reserve-polygon;54
13;GE;land;2
13;GE;settlement-polygon;981
13;GE;settlement-point;4437
13;GE;water-polygon;3143
13;GE;railway-platform-polygon;30
13;GE;water;1
13;GE;surface-polygon;1963
13;GE;aerialway-point;270
13;GE;boundary-polygon-land;100
13;GE;vegetation-polygon;10825
13;GE;highway-crossing-point;1188
49;RU-KLU;railway-line;1332
49;RU-KLU;parking-polygon;1671
49;RU-KLU;landuse-polygon;12909
49;RU-KLU;public-transport-point;1093
49;RU-KLU;building-point;122
49;RU-KLU;highway-line;54079
49;RU-KLU;aerialway-line;2
49;RU-KLU;poi-polygon;5876
49;RU-KLU;water-line;3603
49;RU-KLU;public-transport-line;195
49;RU-KLU;boundary-polygon;310
49;RU-KLU;railway-station-point;165
49;RU-KLU;building-polygon;79894
49;RU-KLU;poi-point;7487
49;RU-KLU;nature_reserve-polygon;14
49;RU-KLU;land;1
49;RU-KLU;settlement-polygon;1180
49;RU-KLU;settlement-point;3347
49;RU-KLU;water-polygon;3497
49;RU-KLU;railway-platform-polygon;28
49;RU-KLU;surface-polygon;2225
49;RU-KLU;boundary-polygon-land;310
49;RU-KLU;vegetation-polygon;20068
49;RU-KLU;highway-crossing-point;1587
44;RU-KHA;railway-line;3325
44;RU-KHA;parking-polygon;706
44;RU-KHA;coastlines;1145
44;RU-KHA;landuse-polygon;7635
44;RU-KHA;public-transport-point;1499
44;RU-KHA;building-point;24
44;RU-KHA;highway-line;51595
44;RU-KHA;aerialway-line;3
44;RU-KHA;poi-polygon;4785
44;RU-KHA;water-line;16874
44;RU-KHA;public-transport-line;141
44;RU-KHA;boundary-polygon;245
44;RU-KHA;railway-station-point;225
44;RU-KHA;building-polygon;114994
44;RU-KHA;poi-point;6113
44;RU-KHA;nature_reserve-polygon;27
44;RU-KHA;land;1061
44;RU-KHA;settlement-polygon;279
44;RU-KHA;settlement-point;682
44;RU-KHA;water-polygon;11009
44;RU-KHA;railway-platform-polygon;4
44;RU-KHA;water;66
44;RU-KHA;surface-polygon;2989
44;RU-KHA;boundary-polygon-land;244
44;RU-KHA;vegetation-polygon;11750
44;RU-KHA;highway-crossing-point;735
26;RU-BEL;railway-line;2133
26;RU-BEL;parking-polygon;1083
26;RU-BEL;landuse-polygon;13564
26;RU-BEL;public-transport-point;1161
26;RU-BEL;building-point;152
26;RU-BEL;highway-line;62401
26;RU-BEL;aerialway-line;6
26;RU-BEL;poi-polygon;5012
26;RU-BEL;water-line;1340
26;RU-BEL;public-transport-line;70
26;RU-BEL;boundary-polygon;332
26;RU-BEL;railway-station-point;169
26;RU-BEL;building-polygon;159145
26;RU-BEL;poi-point;5322
26;RU-BEL;nature_reserve-polygon;16
26;RU-BEL;land;1
26;RU-BEL;settlement-polygon;899
26;RU-BEL;settlement-point;1634
26;RU-BEL;water-polygon;2631
26;RU-BEL;railway-platform-polygon;20
26;RU-BEL;surface-polygon;3109
26;RU-BEL;aerialway-point;16
26;RU-BEL;boundary-polygon-land;332
26;RU-BEL;vegetation-polygon;15402
26;RU-BEL;highway-crossing-point;1326
76;RU-SA;railway-line;897
76;RU-SA;parking-polygon;381
76;RU-SA;coastlines;3225
76;RU-SA;landuse-polygon;4517
76;RU-SA;public-transport-point;362
76;RU-SA;building-point;49
76;RU-SA;highway-line;30901
76;RU-SA;aerialway-line;1
76;RU-SA;poi-polygon;4653
76;RU-SA;water-line;7597
76;RU-SA;public-transport-line;20
76;RU-SA;boundary-polygon;449
76;RU-SA;railway-station-point;35
76;RU-SA;building-polygon;95110
76;RU-SA;poi-point;2862
76;RU-SA;nature_reserve-polygon;15
76;RU-SA;land;3172
76;RU-SA;settlement-polygon;228
76;RU-SA;settlement-point;1254
76;RU-SA;water-polygon;72861
76;RU-SA;railway-platform-polygon;3
76;RU-SA;water;278
76;RU-SA;surface-polygon;1500
76;RU-SA;boundary-polygon-land;448
76;RU-SA;vegetation-polygon;8720
76;RU-SA;highway-crossing-point;250
41;RU-KEM;railway-line;3998
41;RU-KEM;parking-polygon;927
41;RU-KEM;landuse-polygon;8041
41;RU-KEM;public-transport-point;1774
41;RU-KEM;building-point;58
41;RU-KEM;highway-line;59677
41;RU-KEM;aerialway-line;43
41;RU-KEM;poi-polygon;5387
41;RU-KEM;water-line;2430
41;RU-KEM;public-transport-line;47
41;RU-KEM;boundary-polygon;225
41;RU-KEM;railway-station-point;413
41;RU-KEM;building-polygon;160241
41;RU-KEM;poi-point;5235
41;RU-KEM;nature_reserve-polygon;4
41;RU-KEM;land;1
41;RU-KEM;settlement-polygon;932
41;RU-KEM;settlement-point;1183
41;RU-KEM;water-polygon;2724
41;RU-KEM;railway-platform-polygon;38
41;RU-KEM;surface-polygon;1535
41;RU-KEM;aerialway-point;141
41;RU-KEM;boundary-polygon-land;225
41;RU-KEM;vegetation-polygon;13757
41;RU-KEM;highway-crossing-point;935
53;RU-KRS;railway-line;1605
53;RU-KRS;parking-polygon;857
53;RU-KRS;landuse-polygon;52268
53;RU-KRS;public-transport-point;1664
53;RU-KRS;building-point;58
53;RU-KRS;highway-line;62063
53;RU-KRS;aerialway-line;1
53;RU-KRS;poi-polygon;5713
53;RU-KRS;water-line;2318
53;RU-KRS;public-transport-line;302
53;RU-KRS;boundary-polygon;370
53;RU-KRS;railway-station-point;187
53;RU-KRS;building-polygon;232357
53;RU-KRS;poi-point;6323
53;RU-KRS;nature_reserve-polygon;8
53;RU-KRS;land;1
53;RU-KRS;settlement-polygon;1690
53;RU-KRS;settlement-point;2815
53;RU-KRS;water-polygon;5965
53;RU-KRS;railway-platform-polygon;27
53;RU-KRS;surface-polygon;6717
53;RU-KRS;boundary-polygon-land;370
53;RU-KRS;vegetation-polygon;38990
53;RU-KRS;highway-crossing-point;845
