"name";"type";"url";"likely_already_qms";"likely_qms_layers";"overlay";"license_url";"attribution_text";"attribution_url";"available_projections";"id"
"Benin: Cotonou Pleiade 2016";"tms";"http://geoxxx.agrocampus-ouest.fr/owsifl/gwc/service/wmts?SERVICE=WMTS&REQUEST=GetTile&VERSION=1.0.0&LAYER=Benin:cotonou_pleiade_2016&STYLE=&FORMAT=image/jpeg&tileMatrixSet=EPSG:3857&tileMatrix=EPSG:3857:{zoom}&tileRow={y}&tileCol={x}";"False";"[]";"";"http://taches.francophonelibre.org/project/6";"";"";"";"Benin_cotonou_pleiade_2016"
"imagico.de OSM images for mapping: Cotonou";"tms";"http://imagico.de/map/osmim_tiles.php?layer=S2A_R022_N06_20151221T103009&z={zoom}&x={x}&y={-y}";"False";"[]";"";"";"imagico.de OSM images for mapping";"http://maps.imagico.de/#osmim";"";"osmim-imagicode-S2A_R022_N06_20151221T103009"
"imagico.de OSM images for mapping: Fogo, Cape Verde";"tms";"http://imagico.de/map/osmim_tiles.php?layer=LC82100502015347LGN00&z={zoom}&x={x}&y={-y}";"False";"[]";"";"";"imagico.de OSM images for mapping";"http://maps.imagico.de/#osmim";"";"osmim-imagicode-LC82100502015347LGN00"
"imagico.de OSM images for mapping: Rwenzori Mountains";"tms";"http://imagico.de/map/osmim_tiles.php?layer=LC81730602015040LGN00&z={zoom}&x={x}&y={-y}";"False";"[]";"";"";"imagico.de OSM images for mapping";"http://maps.imagico.de/#osmim";"";"osmim-imagicode-LC81730602015040LGN00"
"South Africa CD:NGI Aerial";"tms";"http://{switch:a,b,c}.aerial.openstreetmap.org.za/ngi-aerial/{zoom}/{x}/{y}.jpg";"False";"[]";"";"";"";"";"";"South_Africa-CD_NGI-Aerial"
"City of Cape Town 2013 Aerial";"tms";"http://{switch:a,b,c}.coct.aerial.openstreetmap.org.za/layer/za_coct_aerial_2013/{zoom}/{x}/{y}.jpg";"False";"[]";"";"";"City of Cape Town Aerial - OPENSTREETMAP USE ONLY";"https://www.capetown.gov.za";"";"South_Africa-CapeTown-Aerial-2013"
"City of Cape Town 2015 Aerial";"tms";"http://{switch:a,b,c}.coct.aerial.openstreetmap.org.za/layer/za_coct_aerial_2015/{zoom}/{x}/{y}.jpg";"False";"[]";"";"";"City of Cape Town Aerial - OPENSTREETMAP USE ONLY";"https://www.capetown.gov.za";"";"South_Africa-CapeTown-Aerial"
"imagico.de OSM images for mapping: Southern Transantarctic Mountains";"tms";"http://imagico.de/map/osmim_tiles.php?layer=LC80281222016035LGN00&z={zoom}&x={x}&y={-y}";"False";"[]";"";"";"imagico.de OSM images for mapping";"http://maps.imagico.de/#osmim";"";"osmim-imagicode-LC80281222016035LGN00"
"imagico.de OSM images for mapping: Pensacola Mountains";"tms";"http://imagico.de/map/osmim_tiles.php?layer=LC81511242016033LGN00&z={zoom}&x={x}&y={-y}";"False";"[]";"";"";"imagico.de OSM images for mapping";"http://maps.imagico.de/#osmim";"";"osmim-imagicode-LC81511242016033LGN00"
"imagico.de OSM images for mapping: Elephant Island/Clarence Island";"tms";"http://imagico.de/map/osmim_tiles.php?layer=S2A_R009_S61_20160109&z={zoom}&x={x}&y={-y}";"False";"[]";"";"";"imagico.de OSM images for mapping";"http://maps.imagico.de/#osmim";"";"osmim-imagicode-S2A_R009_S61_20160109"
"Cambodia, Laos, Thailand, Vietnam, Myanmar bilingual";"tms";"http://{switch:a,b,c,d}.tile.osm-tools.org/osm_then/{zoom}/{x}/{y}.png";"False";"[]";"";"";"© osm-tools.org & OpenStreetMap contributors, CC-BY-SA";"http://www.osm-tools.org/";"";"osm-cambodia_laos_thailand_vietnam-bilingual"
"imagico.de OSM images for mapping: Southeastern Sulawesi";"tms";"http://imagico.de/map/osmim_tiles.php?layer=LC81130622013270LGN00&z={zoom}&x={x}&y={-y}";"False";"[]";"";"";"imagico.de OSM images for mapping";"http://maps.imagico.de/#osmim";"";"osmim-imagicode-LC81130622013270LGN00"
"imagico.de OSM images for mapping: Bakun Reservoir";"tms";"http://imagico.de/map/osmim_tiles.php?layer=LC81190582014075LGN00&z={zoom}&x={x}&y={-y}";"False";"[]";"";"";"imagico.de OSM images for mapping";"http://maps.imagico.de/#osmim";"";"osmim-imagicode-LC81190582014075LGN00"
"imagico.de OSM images for mapping: Batam";"tms";"http://imagico.de/map/osmim_tiles.php?layer=LC81250592016107LGN00&z={zoom}&x={x}&y={-y}";"False";"[]";"";"";"imagico.de OSM images for mapping";"http://maps.imagico.de/#osmim";"";"osmim-imagicode-LC81250592016107LGN00"
"imagico.de OSM images for mapping: Rann of Kutch";"tms";"http://imagico.de/map/osmim_tiles.php?layer=LC81510432015030LGN00&z={zoom}&x={x}&y={-y}";"False";"[]";"";"";"imagico.de OSM images for mapping";"http://maps.imagico.de/#osmim";"";"osmim-imagicode-LC81510432015030LGN00"
"Japan GSI ortho Imagery";"tms";"http://cyberjapandata.gsi.go.jp/xyz/ort/{zoom}/{x}/{y}.jpg";"False";"[]";"";"http://www.gsi.go.jp/kikakuchousei/kikakuchousei40182.html";"";"";"";"gsi.go.jp"
"Pangasinán/Bulacan (Phillipines HiRes)";"tms";"http://gravitystorm.dev.openstreetmap.org/imagery/philippines/{zoom}/{x}/{y}.png";"True";"[u'http://tile.openstreetmap.org/{z}/{x}/{y}.png', u'http://gps-a.tile.openstreetmap.org/lines/{z}/{x}/{y}.png']";"";"";"";"";"";"Pangasinan_Bulacan_HiRes"
"imagico.de OSM images for mapping: Western Karakoram";"tms";"http://imagico.de/map/osmim_tiles.php?layer=LC81490352013282LGN00&z={zoom}&x={x}&y={-y}";"False";"[]";"";"";"imagico.de OSM images for mapping";"http://maps.imagico.de/#osmim";"";"osmim-imagicode-LC81490352013282LGN00"
"ScanEx IRS";"scanex";"IRS";"False";"[]";"";"";"IRS";"http://irs.gis-lab.info/";"";"ScanEx-IRS"
"ScanEx SPOT";"scanex";"SPOT";"False";"[]";"";"";"IRS";"http://irs.gis-lab.info/";"";"ScanEx-SPOT"
"NLSC General Map with Contour line";"tms";"http://maps.nlsc.gov.tw/S_Maps/wmts?SERVICE=WMTS&REQUEST=GetTile&VERSION=1.0.0&LAYER=EMAP5_OPENDATA&STYLE=_null&TILEMATRIXSET=EPSG:3857&TILEMATRIX=EPSG:3857:{zoom}&TILEROW={y}&TILECOL={x}&FORMAT=image/png";"False";"[]";"";"http://data.gov.tw/license";"NLSC EMAP 2015";"http://maps.nlsc.gov.tw/";"";"NLSC-EMAP5"
"AGRI black-and-white 2.5m";"tms";"http://agri.openstreetmap.org/{zoom}/{x}/{y}.png";"True";"[u'http://tile.openstreetmap.org/{z}/{x}/{y}.png', u'http://gps-a.tile.openstreetmap.org/lines/{z}/{x}/{y}.png']";"";"";"AGRI";"";"";"AGRI-black_and_white-2.5m"
"LPI NSW Administrative Boundaries County";"wms";"https://maps.six.nsw.gov.au/arcgis/services/public/NSW_Administrative_Boundaries/MapServer/WMSServer?SERVICE=WMS&VERSION=1.3.0&REQUEST=GetMap&CRS={proj}&BBOX={bbox}&WIDTH={width}&HEIGHT={height}&LAYERS=County&STYLES=&FORMAT=image/png32&DPI=96&MAP_RESOLUTION=96&FORMAT_OPTIONS=dpi:96&TRANSPARENT=TRUE";"True";"[u'https://gisservices.information.qld.gov.au/arcgis/services/PlanningCadastre/LandParcelPropertyFramework/MapServer/WMSServer?request=GetCapabilities&service=WMS']";"True";"https://wiki.openstreetmap.org/wiki/Attribution/New_South_Wales_Government_Data";"© Land and Property Information 2016";"http://spatialservices.finance.nsw.gov.au/mapping_and_imagery/lpi_web_services";"[u'EPSG:3857']";"LPI_NSW_Administrative_Boundaries_County"
"LPI NSW Administrative Boundaries LGA";"wms";"https://maps.six.nsw.gov.au/arcgis/services/public/NSW_Administrative_Boundaries/MapServer/WMSServer?SERVICE=WMS&VERSION=1.3.0&REQUEST=GetMap&CRS={proj}&BBOX={bbox}&WIDTH={width}&HEIGHT={height}&LAYERS=LocalGovernmentArea&STYLES=&FORMAT=image/png32&DPI=96&MAP_RESOLUTION=96&FORMAT_OPTIONS=dpi:96&TRANSPARENT=TRUE";"True";"[u'https://gisservices.information.qld.gov.au/arcgis/services/PlanningCadastre/LandParcelPropertyFramework/MapServer/WMSServer?request=GetCapabilities&service=WMS']";"True";"https://wiki.openstreetmap.org/wiki/Attribution/New_South_Wales_Government_Data";"© Land and Property Information 2016";"http://spatialservices.finance.nsw.gov.au/mapping_and_imagery/lpi_web_services";"[u'EPSG:3857']";"LPI_NSW_Administrative_Boundaries_LGA"
"LPI NSW Administrative Boundaries NPWS Reserve";"wms";"https://maps.six.nsw.gov.au/arcgis/services/public/NSW_Administrative_Boundaries/MapServer/WMSServer?SERVICE=WMS&VERSION=1.3.0&REQUEST=GetMap&CRS={proj}&BBOX={bbox}&WIDTH={width}&HEIGHT={height}&LAYERS=NPWSReserve&STYLES=&FORMAT=image/png32&DPI=96&MAP_RESOLUTION=96&FORMAT_OPTIONS=dpi:96&TRANSPARENT=TRUE";"True";"[u'https://gisservices.information.qld.gov.au/arcgis/services/PlanningCadastre/LandParcelPropertyFramework/MapServer/WMSServer?request=GetCapabilities&service=WMS']";"True";"https://wiki.openstreetmap.org/wiki/Attribution/New_South_Wales_Government_Data";"© Land and Property Information 2016";"http://spatialservices.finance.nsw.gov.au/mapping_and_imagery/lpi_web_services";"[u'EPSG:3857']";"LPI_NSW_Administrative_Boundaries_NPWS_Reserve"
"LPI NSW Administrative Boundaries Parish";"wms";"https://maps.six.nsw.gov.au/arcgis/services/public/NSW_Administrative_Boundaries/MapServer/WMSServer?SERVICE=WMS&VERSION=1.3.0&REQUEST=GetMap&CRS={proj}&BBOX={bbox}&WIDTH={width}&HEIGHT={height}&LAYERS=Parish&STYLES=&FORMAT=image/png32&DPI=96&MAP_RESOLUTION=96&FORMAT_OPTIONS=dpi:96&TRANSPARENT=TRUE";"True";"[u'https://gisservices.information.qld.gov.au/arcgis/services/PlanningCadastre/LandParcelPropertyFramework/MapServer/WMSServer?request=GetCapabilities&service=WMS']";"True";"https://wiki.openstreetmap.org/wiki/Attribution/New_South_Wales_Government_Data";"© Land and Property Information 2016";"http://spatialservices.finance.nsw.gov.au/mapping_and_imagery/lpi_web_services";"[u'EPSG:3857']";"LPI_NSW_Administrative_Boundaries_Parish"
"LPI NSW Administrative Boundaries State Forest";"wms";"https://maps.six.nsw.gov.au/arcgis/services/public/NSW_Administrative_Boundaries/MapServer/WMSServer?SERVICE=WMS&VERSION=1.3.0&REQUEST=GetMap&CRS={proj}&BBOX={bbox}&WIDTH={width}&HEIGHT={height}&LAYERS=StateForest&STYLES=&FORMAT=image/png32&DPI=96&MAP_RESOLUTION=96&FORMAT_OPTIONS=dpi:96&TRANSPARENT=TRUE";"True";"[u'https://gisservices.information.qld.gov.au/arcgis/services/PlanningCadastre/LandParcelPropertyFramework/MapServer/WMSServer?request=GetCapabilities&service=WMS']";"True";"https://wiki.openstreetmap.org/wiki/Attribution/New_South_Wales_Government_Data";"© Land and Property Information 2016";"http://spatialservices.finance.nsw.gov.au/mapping_and_imagery/lpi_web_services";"[u'EPSG:3857']";"LPI_NSW_Administrative_Boundaries_StateForest"
"LPI NSW Administrative Boundaries Suburb";"wms";"https://maps.six.nsw.gov.au/arcgis/services/public/NSW_Administrative_Boundaries/MapServer/WMSServer?SERVICE=WMS&VERSION=1.3.0&REQUEST=GetMap&CRS={proj}&BBOX={bbox}&WIDTH={width}&HEIGHT={height}&LAYERS=Suburb&STYLES=&FORMAT=image/png32&DPI=96&MAP_RESOLUTION=96&FORMAT_OPTIONS=dpi:96&TRANSPARENT=TRUE";"True";"[u'https://gisservices.information.qld.gov.au/arcgis/services/PlanningCadastre/LandParcelPropertyFramework/MapServer/WMSServer?request=GetCapabilities&service=WMS']";"True";"https://wiki.openstreetmap.org/wiki/Attribution/New_South_Wales_Government_Data";"© Land and Property Information 2016";"http://spatialservices.finance.nsw.gov.au/mapping_and_imagery/lpi_web_services";"[u'EPSG:3857']";"LPI_NSW_Administrative_Boundaries_Suburb"
"LPI NSW Base Map";"tms";"https://maps.six.nsw.gov.au/arcgis/rest/services/public/NSW_Base_Map/MapServer/tile/{zoom}/{y}/{x}";"True";"[u'http://maps.six.nsw.gov.au/arcgis/rest/services/public/NSW_Base_Map/MapServer/tile/{z}/{y}/{x}', u'http://services.thelist.tas.gov.au/arcgis/rest/services/Basemaps/Orthophoto/MapServer/tile/{z}/{y}/{x}', u'http://services.thelist.tas.gov.au/arcgis/rest/services/Basemaps/Topographic/MapServer/tile/{z}/{y}/{x}', u'http://www.ga.gov.au/gisimg/rest/services/topography/NATMAP_Digital_Maps_250K_2008Edition_WM/MapServer/tile/{z}/{y}/{x}', u'http://services.ga.gov.au/gis/rest/services/NationalMap_Colour_Topographic_Base_World_WM/MapServer/tile/{z}/{y}/{x}']";"";"https://wiki.openstreetmap.org/wiki/Attribution/New_South_Wales_Government_Data";"© Land and Property Information 2016";"http://spatialservices.finance.nsw.gov.au/mapping_and_imagery/lpi_web_services";"";"NSW_LPI_BaseMap"
"LPI NSW Imagery";"tms";"https://maps.six.nsw.gov.au/arcgis/rest/services/public/NSW_Imagery/MapServer/tile/{zoom}/{y}/{x}";"True";"[u'http://maps.six.nsw.gov.au/arcgis/rest/services/public/NSW_Base_Map/MapServer/tile/{z}/{y}/{x}', u'http://services.thelist.tas.gov.au/arcgis/rest/services/Basemaps/Orthophoto/MapServer/tile/{z}/{y}/{x}', u'http://services.thelist.tas.gov.au/arcgis/rest/services/Basemaps/Topographic/MapServer/tile/{z}/{y}/{x}', u'http://www.ga.gov.au/gisimg/rest/services/topography/NATMAP_Digital_Maps_250K_2008Edition_WM/MapServer/tile/{z}/{y}/{x}', u'http://services.ga.gov.au/gis/rest/services/NationalMap_Colour_Topographic_Base_World_WM/MapServer/tile/{z}/{y}/{x}']";"";"https://wiki.openstreetmap.org/wiki/Attribution/New_South_Wales_Government_Data";"© Land and Property Information 2016";"http://spatialservices.finance.nsw.gov.au/mapping_and_imagery/lpi_web_services";"";"NSW_LPI_Imagery"
"LPI NSW Topographic Map";"tms";"https://maps.six.nsw.gov.au/arcgis/rest/services/public/NSW_Topo_Map/MapServer/tile/{zoom}/{y}/{x}";"True";"[u'http://maps.six.nsw.gov.au/arcgis/rest/services/public/NSW_Base_Map/MapServer/tile/{z}/{y}/{x}', u'http://services.thelist.tas.gov.au/arcgis/rest/services/Basemaps/Orthophoto/MapServer/tile/{z}/{y}/{x}', u'http://services.thelist.tas.gov.au/arcgis/rest/services/Basemaps/Topographic/MapServer/tile/{z}/{y}/{x}', u'http://www.ga.gov.au/gisimg/rest/services/topography/NATMAP_Digital_Maps_250K_2008Edition_WM/MapServer/tile/{z}/{y}/{x}', u'http://services.ga.gov.au/gis/rest/services/NationalMap_Colour_Topographic_Base_World_WM/MapServer/tile/{z}/{y}/{x}']";"";"https://wiki.openstreetmap.org/wiki/Attribution/New_South_Wales_Government_Data";"© Land and Property Information 2016";"http://spatialservices.finance.nsw.gov.au/mapping_and_imagery/lpi_web_services";"";"NSW_LPI_TopographicMap"
"imagico.de OSM images for mapping: Northwest Heard Island";"tms";"http://imagico.de/map/osmim_tiles.php?layer=EO1A1350972013086110KF&z={zoom}&x={x}&y={-y}";"False";"[]";"";"";"imagico.de OSM images for mapping";"http://maps.imagico.de/#osmim";"";"osmim-imagicode-EO1A1350972013086110KF"
"imagico.de OSM images for mapping: Heard Island coast";"tms";"http://imagico.de/map/osmim_tiles.php?layer=S2A_R047_S54_20160411T044330&z={zoom}&x={x}&y={-y}";"False";"[]";"";"";"imagico.de OSM images for mapping";"http://maps.imagico.de/#osmim";"";"osmim-imagicode-S2A_R047_S54_20160411T044330"
"imagico.de OSM images for mapping: Vanatinai";"tms";"http://imagico.de/map/osmim_tiles.php?layer=LC80910682014358LGN00&z={zoom}&x={x}&y={-y}";"False";"[]";"";"";"imagico.de OSM images for mapping";"http://maps.imagico.de/#osmim";"";"osmim-imagicode-LC80910682014358LGN00"
"imagico.de OSM images for mapping: New Ireland";"tms";"http://imagico.de/map/osmim_tiles.php?layer=LC80940622015159LGN00&z={zoom}&x={x}&y={-y}";"False";"[]";"";"";"imagico.de OSM images for mapping";"http://maps.imagico.de/#osmim";"";"osmim-imagicode-LC80940622015159LGN00"
"imagico.de OSM images for mapping: Prokletije Mountains";"tms";"http://imagico.de/map/osmim_tiles.php?layer=S2A_R136_N41_20150831T093006&z={zoom}&x={x}&y={-y}";"False";"[]";"";"";"imagico.de OSM images for mapping";"http://maps.imagico.de/#osmim";"";"osmim-imagicode-S2A_R136_N41_20150831T093006"
"basemap.at";"tms";"https://maps{switch:1,2,3,4}.wien.gv.at/basemap/geolandbasemap/normal/google3857/{zoom}/{y}/{x}.png";"False";"[]";"";"http://creativecommons.org/licenses/by/3.0/at/deed.de";"basemap.at";"";"";"basemap.at"
"basemap.at Orthofoto";"tms";"https://maps{switch:1,2,3,4}.wien.gv.at/basemap/bmaporthofoto30cm/normal/google3857/{zoom}/{y}/{x}.jpeg";"False";"[]";"";"http://creativecommons.org/licenses/by/3.0/at/deed.de";"basemap.at";"";"";"basemap.at-orthofoto"
"Geoimage.at MaxRes";"wms";"http://gis.lebensministerium.at/wmsgw/?key=4d80de696cd562a63ce463a58a61488d&FORMAT=image/jpeg&VERSION=1.1.1&SERVICE=WMS&REQUEST=GetMap&Layers=Luftbild_MR,Luftbild_1m,Luftbild_8m,Satellitenbild_30m&SRS={proj}&WIDTH={width}&HEIGHT={height}&BBOX={bbox}";"False";"[]";"";"";"geoimage.at";"";"[u'EPSG:3857', u'EPSG:900913', u'EPSG:31287', u'EPSG:3034', u'EPSG:3035', u'EPSG:3044', u'EPSG:3045', u'EPSG:31254', u'EPSG:31255', u'EPSG:31256', u'EPSG:31257', u'EPSG:31258', u'EPSG:31259', u'EPSG:32632', u'EPSG:32633', u'EPSG:3416', u'EPSG:4258', u'EPSG:4326', u'CRS:84']";"geoimage.at"
"Graz: Basiskarte (base map)";"wms";"http://geodaten1.graz.at/ArcGIS_Graz/services/Extern/BASISKARTE_WMS/MapServer/WMSServer?FORMAT=image/png&VERSION=1.1.1&SERVICE=WMS&REQUEST=GetMap&Layers=1&STYLES=&SRS={proj}&WIDTH={width}&HEIGHT={height}&BBOX={bbox}";"False";"[]";"";"";"Stadt Graz – data.graz.gv.at";"";"[u'EPSG:4326', u'EPSG:3857', u'CRS:84']";"graz.at-basemap"
"Tiris: contour lines";"wms";"https://gis.tirol.gv.at/arcgis/services/Service_Public/terrain/MapServer/WmsServer?FORMAT=image/png&TRANSPARENT=TRUE&VERSION=1.1.1&SERVICE=WMS&REQUEST=GetMap&LAYERS=Hoehenschichtlinien 20m&STYLES=&SRS={proj}&WIDTH={width}&HEIGHT={height}&BBOX={bbox}";"False";"[]";"";"https://www.tirol.gv.at/data/datenkatalog/geographie-und-planung/gelaende-tirol/";"tiris.tirol.gv.at";"";"[u'EPSG:3035', u'EPSG:3044', u'EPSG:3045', u'EPSG:3857', u'EPSG:4258', u'EPSG:4326', u'EPSG:25832', u'EPSG:25833', u'EPSG:31254', u'EPSG:31255', u'EPSG:31256', u'EPSG:31257', u'EPSG:31258', u'EPSG:31259', u'EPSG:31287', u'EPSG:31297', u'EPSG:32632', u'EPSG:32633', u'EPSG:102100']";"tirol.gv.at-contourlines"
"Tiris: DGM (Terrain model)";"wms";"https://gis.tirol.gv.at/arcgis/services/Service_Public/terrain/MapServer/WmsServer?FORMAT=image/jpeg&VERSION=1.1.1&SERVICE=WMS&REQUEST=GetMap&LAYERS=Image Schummerung_Gelaendemodell&STYLES=&SRS={proj}&WIDTH={width}&HEIGHT={height}&BBOX={bbox}";"False";"[]";"";"https://www.tirol.gv.at/data/datenkatalog/geographie-und-planung/gelaende-tirol/";"tiris.tirol.gv.at";"";"[u'EPSG:3035', u'EPSG:3044', u'EPSG:3045', u'EPSG:3857', u'EPSG:4258', u'EPSG:4326', u'EPSG:25832', u'EPSG:25833', u'EPSG:31254', u'EPSG:31255', u'EPSG:31256', u'EPSG:31257', u'EPSG:31258', u'EPSG:31259', u'EPSG:31287', u'EPSG:31297', u'EPSG:32632', u'EPSG:32633', u'EPSG:102100']";"tirol.gv.at-DGM"
"Tiris: DOM (Surface model)";"wms";"https://gis.tirol.gv.at/arcgis/services/Service_Public/terrain/MapServer/WmsServer?FORMAT=image/jpeg&VERSION=1.1.1&SERVICE=WMS&REQUEST=GetMap&LAYERS=Image Schummerung_Oberflaechenmodell&STYLES=&SRS={proj}&WIDTH={width}&HEIGHT={height}&BBOX={bbox}";"False";"[]";"";"https://www.tirol.gv.at/data/datenkatalog/geographie-und-planung/gelaende-tirol/";"tiris.tirol.gv.at";"";"[u'EPSG:3034', u'EPSG:3035', u'EPSG:3044', u'EPSG:3045', u'EPSG:3857', u'EPSG:4258', u'EPSG:4326', u'EPSG:25832', u'EPSG:25833', u'EPSG:31254', u'EPSG:31255', u'EPSG:31256', u'EPSG:31257', u'EPSG:31258', u'EPSG:31259', u'EPSG:31287', u'EPSG:31297', u'EPSG:32632', u'EPSG:32633', u'EPSG:102100']";"tirol.gv.at-DOM"
"Vienna: Beschriftungen (annotations)";"tms";"https://maps.wien.gv.at/wmts/beschriftung/normal/google3857/{zoom}/{y}/{x}.png";"False";"[]";"";"";"Stadt Wien";"https://data.wien.gv.at/";"";"wien.gv.at-labels"
"Vienna: Mehrzweckkarte (general purpose)";"tms";"https://maps.wien.gv.at/wmts/fmzk/pastell/google3857/{zoom}/{y}/{x}.jpeg";"False";"[]";"";"";"Stadt Wien";"https://data.wien.gv.at/";"";"wien.gv.at-gp"
"Vienna: Orthofoto (aerial image)";"tms";"https://maps.wien.gv.at/wmts/lb/farbe/google3857/{zoom}/{y}/{x}.jpeg";"False";"[]";"";"";"Stadt Wien";"https://data.wien.gv.at/";"";"wien.gv.at-aerial_image"
"VoGIS: DGM (Terrain model)";"wms";"http://vogis.cnv.at/mapserver/mapserv?map=i_hoehen_und_gelaende_r_wms.map&FORMAT=image/jpeg&VERSION=1.1.1&SERVICE=WMS&REQUEST=GetMap&LAYERS=schummerung_50cm_terrain&STYLES=&SRS={proj}&WIDTH={width}&HEIGHT={height}&BBOX={bbox}";"False";"[]";"";"";"";"";"[u'EPSG:4326', u'EPSG:3785', u'EPSG:3857', u'EPSG:31254', u'EPSG:31284', u'EPSG:32632', u'EPSG:25832', u'EPSG:21781', u'EPSG:900913']";"vogis.cnv.at-DGM"
"VoGIS: DOM (Surface model)";"wms";"http://vogis.cnv.at/mapserver/mapserv?map=i_hoehen_und_gelaende_r_wms.map&FORMAT=image/jpeg&VERSION=1.1.1&SERVICE=WMS&REQUEST=GetMap&LAYERS=schummerung_50cm_surface&STYLES=&SRS={proj}&WIDTH={width}&HEIGHT={height}&BBOX={bbox}";"False";"[]";"";"";"";"";"[u'EPSG:4326', u'EPSG:3785', u'EPSG:3857', u'EPSG:31254', u'EPSG:31284', u'EPSG:32632', u'EPSG:25832', u'EPSG:21781', u'EPSG:900913']";"vogis.cnv.at-DOM"
"VoGIS: Echtfarbenbild 2012 (12cm)";"wms";"http://vogis.cnv.at/mapserver/mapserv?map=i_luftbilder_r_wms.map&FORMAT=image/jpeg&VERSION=1.1.1&SERVICE=WMS&REQUEST=GetMap&LAYERS=ef2012_12cm&STYLES=&SRS={proj}&WIDTH={width}&HEIGHT={height}&BBOX={bbox}";"False";"[]";"";"";"";"";"[u'EPSG:4326', u'EPSG:3785', u'EPSG:3857', u'EPSG:31254', u'EPSG:31284', u'EPSG:32632', u'EPSG:25832', u'EPSG:21781', u'EPSG:900913']";"vogis.cnv.at-ef2012_12cm"
"VoGIS: Echtfarbenbild 2015 (10cm)";"wms";"http://vogis.cnv.at/mapserver/mapserv?map=i_luftbilder_r_wms.map&FORMAT=image/jpeg&VERSION=1.1.1&SERVICE=WMS&REQUEST=GetMap&LAYERS=ef2015_10cm&STYLES=&SRS={proj}&WIDTH={width}&HEIGHT={height}&BBOX={bbox}";"False";"[]";"";"";"";"";"[u'EPSG:4326', u'EPSG:3785', u'EPSG:3857', u'EPSG:31254', u'EPSG:31284', u'EPSG:32632', u'EPSG:25832', u'EPSG:21781', u'EPSG:900913']";"vogis.cnv.at-ef2015_10cm"
"VoGIS: Echtfarbenbild Winter 2015 (20cm)";"wms";"http://vogis.cnv.at/mapserver/mapserv?map=i_luftbilder_r_wms.map&FORMAT=image/jpeg&VERSION=1.1.1&SERVICE=WMS&REQUEST=GetMap&LAYERS=wi2015_20cm&STYLES=&SRS={proj}&WIDTH={width}&HEIGHT={height}&BBOX={bbox}";"False";"[]";"";"";"";"";"[u'EPSG:4326', u'EPSG:3785', u'EPSG:3857', u'EPSG:31254', u'EPSG:31284', u'EPSG:32632', u'EPSG:25832', u'EPSG:21781', u'EPSG:900913']";"vogis.cnv.at-wi2015_20cm"
"Belgium AGIV GRB Flanders";"tms";"http://tile.informatievlaanderen.be/ws/raadpleegdiensten/wmts?SERVICE=WMTS&REQUEST=GetTile&VERSION=1.0.0&LAYER=grb_bsk&STYLE=&FORMAT=image/png&tileMatrixSet=GoogleMapsVL&tileMatrix={zoom}&tileRow={y}&tileCol={x}";"False";"[]";"";"https://www.agiv.be/~/media/agiv/producten/grb/documenten/grb%20open%20data%20licentie.pdf";"GRB Flanders (c) AGIV";"";"";"GRB"
"Belgium AGIV Orthophoto Flanders";"tms";"http://tile.informatievlaanderen.be/ws/raadpleegdiensten/wmts?SERVICE=WMTS&REQUEST=GetTile&VERSION=1.0.0&LAYER=omwrgbmrvl&STYLE=&FORMAT=image/png&tileMatrixSet=GoogleMapsVL&tileMatrix={zoom}&tileRow={y}&tileCol={x}";"False";"[]";"";"https://download.agiv.be/Producten/Detail?id=595&title=Orthofotomozaiek_middenschalig_winteropnamen_kleur_meest_recent_Vlaanderen_2015_03";"Orthophoto Flanders most recent (c) AGIV";"";"";"AGIV"
"imagico.de OSM images for mapping: Rila and Pirin Mountains";"tms";"http://imagico.de/map/osmim_tiles.php?layer=S2A_R093_N41_20150828T092005&z={zoom}&x={x}&y={-y}";"False";"[]";"";"";"imagico.de OSM images for mapping";"http://maps.imagico.de/#osmim";"";"osmim-imagicode-S2A_R093_N41_20150828T092005"
"Canton de Fribourg 50cm (2005)";"wms";"http://geo.fr.ch/wms/orthophoto_2005_fribourg.php?FORMAT=image/jpeg&VERSION=1.1.1&SERVICE=WMS&REQUEST=GetMap&Layers=Orthophoto_2005&STYLES=&SRS={proj}&WIDTH={width}&HEIGHT={height}&BBOX={bbox}";"False";"[]";"";"";"Orthophoto 2005, Etat de Fribourg ";"";"";"Fribourg-2005"
"Canton de Génève 5cm (SITG 2011)";"wms";"http://etat.geneve.ch/ags2/services/Orthophotos_2011/MapServer/WMSServer?FORMAT=image/jpeg&VERSION=1.1.1&SERVICE=WMS&REQUEST=GetMap&Layers=0&STYLES=&SRS={proj}&WIDTH={width}&HEIGHT={height}&BBOX={bbox}";"False";"[]";"";"";"Orthophotos du SITG 2011";"";"";"Geneve-SITG-2011"
"Canton de Neuchâtel 50cm (SITN 2006)";"wms";"http://sitn.ne.ch/ogc-sitn-open/wms?FORMAT=image/jpeg&VERSION=1.1.1&SERVICE=WMS&REQUEST=GetMap&Layers=ortho&STYLES=&SRS={proj}&WIDTH={width}&HEIGHT={height}&BBOX={bbox}";"False";"[]";"";"";"orthophotos2006sitn50cm";"";"";"Neuchatel-SITN-2006"
"Canton du Jura 50cm (RCJU 1998)";"wms";"http://sitn.ne.ch/ogc-sitj-ortho/wms?FORMAT=image/jpeg&VERSION=1.1.1&SERVICE=WMS&REQUEST=GetMap&Layers=ortho1998&STYLES=&SRS={proj}&WIDTH={width}&HEIGHT={height}&BBOX={bbox}";"False";"[]";"";"";"Orthophotos 1998 RCJU 50cm ";"";"";"Jura-RCJU-1998"
"HEIG-VD / Orthophoto Yverdon-les-Bains 25cm (2007)";"wms";"http://ogc.heig-vd.ch/mapserver/wms?FORMAT=image/jpeg&VERSION=1.1.1&SERVICE=WMS&REQUEST=GetMap&Layers=orthophoto_yverdon&STYLES=&SRS={proj}&WIDTH={width}&HEIGHT={height}&BBOX={bbox}";"False";"[]";"";"";"Orthophoto Yverdon 2007 / HEIG-VD";"";"[u'EPSG:21781']";"Yverdon_les_Bains-HEIG_VD-2007"
"Kanton Aargau 25cm (AGIS 2011)";"tms";"http://tiles.poole.ch/AGIS/OF2011/{zoom}/{x}/{y}.png";"False";"[]";"";"";"AGIS OF2011";"";"";"Aargau-AGIS-2011"
"Kanton Aargau 25cm (AGIS 2014)";"tms";"http://mapproxy.osm.ch:8080/tiles/AGIS2014/EPSG900913/{zoom}/{x}/{y}.png?origin=nw";"False";"[]";"";"";"AGIS OF2014";"";"";"Aargau-AGIS-2014"
"Kanton Basel-Stadt 2015";"tms";"http://mapproxy.osm.ch:8080/tiles/KTBASELSTADT2015/EPSG900913/{zoom}/{x}/{y}.png?origin=nw";"False";"[]";"";"";"Kanton Basel-Stadt OF 2015";"";"";"KTBASELSTADT2015"
"Kanton Solothurn 25cm (SOGIS 2014-2015)";"tms";"http://mapproxy.osm.ch:8080/tiles/sogis2014/EPSG900913/{zoom}/{x}/{y}.png?origin=nw";"False";"[]";"";"";"Orthofoto WMS Solothurn";"";"";"Solothurn-sogis2014-tms"
"Kanton Solothurn 25cm (SOGIS 2014-2015)";"wms";"http://geoweb.so.ch/wms/sogis_orthofoto.wms?FORMAT=image/jpeg&VERSION=1.1.1&SERVICE=WMS&REQUEST=GetMap&LAYERS=Orthofoto_SO&STYLES=&SRS={proj}&WIDTH={width}&HEIGHT={height}&BBOX={bbox}";"False";"[]";"";"";"Orthofoto WMS Solothurn";"";"";"Solothurn-sogis2014-wms"
"Kanton Solothurn Infrarot 12.5cm (SOGIS 2014)";"wms";"http://geoweb.so.ch/wms/sogis_orthofoto.wms?FORMAT=image/png&TRANSPARENT=TRUE&VERSION=1.1.1&SERVICE=WMS&REQUEST=GetMap&LAYERS=Orthofoto_CIR_SO&STYLES=&SRS={proj}&WIDTH={width}&HEIGHT={height}&BBOX={bbox}";"False";"[]";"";"";"Orthofoto WMS Solothurn";"";"";"Solothurn-infrared-SOGIS"
"Kanton Zürich 2015  10cm";"tms";"http://mapproxy.osm.ch:8080/tiles/KTZUERICH2015/EPSG900913/{zoom}/{x}/{y}.png?origin=nw";"False";"[]";"";"";"Kanton Zürich OF 2015";"";"";"KTZUERICH2015"
"Stadt Bern 10cm (2016)";"tms";"http://mapproxy.osm.ch:8080/tiles/bern2016/EPSG900913/{zoom}/{x}/{y}.png?origin=nw";"False";"[]";"";"";"Orthophoto 2016, Vermessungsamt Stadt Bern ";"";"";"Bern-bern2016-tms"
"Stadt Bern 10cm (2016)";"wms";"http://map.bern.ch/wms/OpenData/proxy.php?FORMAT=image/jpeg&VERSION=1.1.1&SERVICE=WMS&REQUEST=GetMap&LAYERS=0&STYLES=&SRS={proj}&WIDTH={width}&HEIGHT={height}&BBOX={bbox}";"False";"[]";"";"";"Orthophoto 2016, Vermessungsamt Stadt Bern ";"";"[u'EPSG:21781']";"Bern-bern2016-wms"
"Stadt Uster Orthophoto 2008 10cm";"tms";"http://mapproxy.sosm.ch:8080/tiles/uster/EPSG900913/{zoom}/{x}/{y}.png?origin=nw";"False";"[]";"";"";"Stadt Uster Vermessung Orthophoto 2008";"";"";"Uster-2008"
"Stadt Zürich Luftbild 2011";"tms";"http://mapproxy.sosm.ch:8080/tiles/zh_luftbild2011/EPSG900913/{zoom}/{x}/{y}.png?origin=nw";"False";"[]";"";"";"Stadt Zürich Luftbild 2011";"";"";"Zuerich-zh_luftbild2011-tms"
"Stadtplan Zürich";"tms";"http://mapproxy.sosm.ch:8080/tiles/zh_stadtplan/EPSG900913/{zoom}/{x}/{y}.png?origin=nw";"False";"[]";"";"";"Stadt Zürich Open Government Data";"";"";"Zuerich-city_map"
"Übersichtsplan Zürich";"tms";"http://mapproxy.sosm.ch:8080/tiles/zh_uebersichtsplan/EPSG900913/{zoom}/{x}/{y}.png?origin=nw";"False";"[]";"";"";"Stadt Zürich Open Government Data";"";"";"Zuerich-zh_uebersichtsplan-tms"
"Czech CUZK:KM";"wms";"http://wms.cuzk.cz/wms.asp?service=WMS&VERSION=1.1.1&REQUEST=GetMap&SRS={proj}&LAYERS=parcelni_cisla_i,obrazy_parcel_i,RST_KMD_I,hranice_parcel_i,DEF_BUDOVY,RST_KN_I,dalsi_p_mapy_i,prehledka_kat_prac,prehledka_kat_uz,prehledka_kraju-linie&FORMAT=image/png&transparent=TRUE&WIDTH={width}&HEIGHT={height}&BBOX={bbox}";"False";"[]";"";"";"";"";"[u'EPSG:102067', u'EPSG:32633', u'EPSG:32634', u'EPSG:28403', u'EPSG:28404', u'EPSG:5221', u'EPSG:5224', u'EPSG:5225', u'EPSG:4326', u'EPSG:4258', u'EPSG:3035', u'EPSG:2065']";"Czech_CUZK-KM"
"Czech CUZK:KM tiles proxy";"tms";"http://osm-{switch:a,b,c}.zby.cz/tiles_cuzk.php/{zoom}/{x}/{y}.png";"False";"[]";"True";"http://wiki.openstreetmap.org/wiki/WikiProject_Czech_Republic/freemap";"";"";"";"Czech_CUZK-KM-tms"
"Czech RUIAN budovy";"tms";"http://tile.poloha.net/budovy/{zoom}/{x}/{y}.png";"False";"[]";"";"";"";"http://poloha.net/";"";"Czech_RUIAN-budovy"
"Czech RUIAN parcely";"tms";"http://tile.poloha.net/parcely/{zoom}/{x}/{y}.png";"False";"[]";"";"";"";"http://poloha.net/";"";"Czech_RUIAN-parcely"
"Bavaria (2 m)";"wms";"http://geodaten.bayern.de/ogc/ogc_dop200_oa.cgi?FORMAT=image/jpeg&VERSION=1.1.1&SERVICE=WMS&REQUEST=GetMap&Layers=adv_dop200c&SRS={proj}&WIDTH={width}&HEIGHT={height}&BBOX={bbox}";"False";"[]";"";"";"";"";"[u'EPSG:31467', u'EPSG:31468', u'EPSG:25832', u'EPSG:25833', u'EPSG:4258', u'EPSG:4326']";"bavaria-2m"
"Bavaria DOP 80cm";"tms";"http://mapproxy.osm.ch:8080/tiles/BAYERNDOP80/EPSG900913/{zoom}/{x}/{y}.png?origin=nw";"False";"[]";"";"";"";"";"";"bavaria-DOP80"
"Erlangen Luftbild (2013 6,25 cm)";"wms";"https://secure.erlangen.de/arcgiser/services/Luftbilder2013/MapServer/WmsServer?FORMAT=image/bmp&VERSION=1.1.1&SERVICE=WMS&REQUEST=GetMap&LAYERS=Erlangen_ratio5_6.25cm.jp2&STYLES=&SRS={proj}&WIDTH={width}&HEIGHT={height}&BBOX={bbox}";"False";"[]";"";"http://erlangen.maps.arcgis.com/home/item.html?id=e6693e185a4d4522980dfac658d4c8cb";"";"";"[u'EPSG:4326', u'EPSG:31494']";"Erlangen-2013"
"Erlangen Luftbild (2011 5,0 cm)";"wms";"https://secure.erlangen.de/arcgiser/services/Luftbilder2011/MapServer/WmsServer?FORMAT=image/bmp&VERSION=1.1.1&SERVICE=WMS&REQUEST=GetMap&LAYERS=Erlangen_ratio10_5cm_gk4.jp2&STYLES=&SRS={proj}&WIDTH={width}&HEIGHT={height}&BBOX={bbox}";"False";"[]";"";"http://erlangen.maps.arcgis.com/home/item.html?id=f834ddb433a148c9b325e9075ad0df80";"";"";"[u'EPSG:4326', u'EPSG:31494']";"Erlangen-2011"
"Erlangen Luftbild (2016 5,0 cm)";"wms";"https://secure.erlangen.de/arcgiser/services/Luftbild2016/MapServer/WmsServer?FORMAT=image/bmp&VERSION=1.1.1&SERVICE=WMS&REQUEST=GetMap&LAYERS=0&STYLES=&SRS={proj}&WIDTH={width}&HEIGHT={height}&BBOX={bbox}";"False";"[]";"";"https://erlangen.maps.arcgis.com/home/item.html?id=abab0a0c8a4c483290878068fe667a3a";"";"";"[u'EPSG:4326', u'EPSG:31494']";"Erlangen-2016"
"Hamburg (40 cm)";"wms";"http://geodienste-hamburg.de/HH_WMS_DOP40?FORMAT=image/jpeg&VERSION=1.1.1&SERVICE=WMS&REQUEST=GetMap&LAYERS=1&STYLES=&SRS={proj}&WIDTH={width}&HEIGHT={height}&BBOX={bbox}";"False";"[]";"";"";"";"";"[u'EPSG:31467', u'EPSG:25832', u'EPSG:3034', u'EPSG:3035', u'EPSG:3044', u'EPSG:3857', u'EPSG:4258', u'EPSG:4647', u'EPSG:31463', u'EPSG:102100', u'EPSG:102362', u'EPSG:4326']";"hamburg-40cm"
"Hamburg (DK5)";"wms";"http://geodienste-hamburg.de/HH_WMS_Geobasisdaten?FORMAT=image/jpeg&VERSION=1.1.1&SERVICE=WMS&REQUEST=GetMap&LAYERS=13&STYLES=&SRS={proj}&WIDTH={width}&HEIGHT={height}&BBOX={bbox}";"False";"[]";"";"";"";"";"[u'EPSG:31467', u'EPSG:25832', u'EPSG:4326']";"Hamburg-DK5"
"imagico.de OSM images for mapping: Northern German west coast tidalflats (infrared)";"tms";"http://imagico.de/map/osmim_tiles.php?layer=LC81960222015233LGN00ir&z={zoom}&x={x}&y={-y}";"False";"[]";"";"";"imagico.de OSM images for mapping";"http://maps.imagico.de/#osmim";"";"osmim-imagicode-LC81960222015233LGN00ir"
"imagico.de OSM images for mapping: Northern German west coast tidalflats";"tms";"http://imagico.de/map/osmim_tiles.php?layer=LC81960222015233LGN00vis&z={zoom}&x={x}&y={-y}";"False";"[]";"";"";"imagico.de OSM images for mapping";"http://maps.imagico.de/#osmim";"";"osmim-imagicode-LC81960222015233LGN00vis"
"Geodatastyrelsen (Denmark)";"tms";"http://osmtools.septima.dk/mapproxy/tiles/1.0.0/kortforsyningen_ortoforaar/EPSG3857/{zoom}/{x}/{y}.jpeg";"False";"[]";"";"";"Geodatastyrelsen og Danske Kommuner";"http://download.kortforsyningen.dk/content/vilkaar-og-betingelser";"";"Geodatastyrelsen_Denmark"
"Stevns (Denmark)";"tms";"http://{switch:a,b,c}.tile.openstreetmap.dk/stevns/2009/{zoom}/{x}/{y}.png";"False";"[]";"";"";"Stevns Kommune";"";"";"Stevns_Denmark"
"Vejmidte (Denmark)";"tms";"http://{switch:a,b,c}.tile.openstreetmap.dk/danmark/vejmidte/{zoom}/{x}/{y}.png";"False";"[]";"";"";"Danish municipalities";"http://wiki.openstreetmap.org/wiki/Vejmidte";"";"Vejmidte_Denmark"
"Estonia Basemap (Maaamet)";"wms";"http://kaart.maaamet.ee/wms/alus-geo?FORMAT=image/jpeg&VERSION=1.1.1&SERVICE=WMS&REQUEST=GetMap&Layers=pohi_vr2&SRS={proj}&WIDTH={width}&HEIGHT={height}&BBOX={bbox}";"False";"[]";"";"http://www.maakaart.ee/docs/Maa-amet_vastus_OSM.pdf";"Maa-Ameti põhikaart";"";"[u'EPSG:4326']";"maaamet.ee-pohi_vr2"
"Estonia Forestry (Maaamet)";"wms";"http://kaart.maaamet.ee/wms/alus-geo?FORMAT=image/jpeg&VERSION=1.1.1&SERVICE=WMS&REQUEST=GetMap&Layers=cir_ngr&SRS={proj}&WIDTH={width}&HEIGHT={height}&BBOX={bbox}";"False";"[]";"";"http://www.maakaart.ee/docs/Maa-amet_vastus_OSM.pdf";"Maa-Ameti metsanduslik ortofoto";"";"[u'EPSG:4326']";"maaamet.ee-cir_ngr"
"Estonia Hillshading (Maaamet)";"wms";"http://kaart.maaamet.ee/wms/alus-geo?FORMAT=image/jpeg&VERSION=1.1.1&SERVICE=WMS&REQUEST=GetMap&Layers=reljeef&STYLES=&SRS={proj}&WIDTH={width}&HEIGHT={height}&BBOX={bbox}";"False";"[]";"";"http://www.maakaart.ee/docs/Maa-amet_vastus_OSM.pdf";"Maa-Ameti reljeefikaart";"";"[u'EPSG:4326']";"maaamet.ee-reljeef"
"Estonia Ortho (Maaamet)";"tms";"http://kaart.maakaart.ee/orto/{zoom}/{x}/{y}.jpeg";"False";"[]";"";"http://www.maakaart.ee/docs/Maa-amet_vastus_OSM.pdf";"Maa-Ameti ortofoto ";"";"";"maaamet.ee-orto"
"Estonia Ortho (Maaamet)";"wms";"http://kaart.maaamet.ee/wms/alus-geo?VERSION=1.1.1&REQUEST=GetMap&LAYERS=of10000&SRS={proj}&FORMAT=image/jpeg&WIDTH={width}&HEIGHT={height}&BBOX={bbox}";"False";"[]";"";"http://www.maakaart.ee/docs/Maa-amet_vastus_OSM.pdf";"Maa-Ameti ortofoto ";"";"[u'EPSG:4326']";"maaamet.ee-of10000"
"Catastro Spain";"wms";"http://ovc.catastro.meh.es/Cartografia/WMS/ServidorWMS.aspx?FORMAT=image/jpeg&VERSION=1.1.1&SERVICE=WMS&REQUEST=GetMap&Layers=Catastro&STYLES=&SRS={proj}&WIDTH={width}&HEIGHT={height}&BBOX={bbox}";"False";"[]";"";"";"";"";"";"Catastro-Spain"
"GRAFCAN - Canary Islands";"wms";"http://idecan1.grafcan.es/ServicioWMS/OrtoUrb?FORMAT=image/jpeg&VERSION=1.1.1&SERVICE=WMS&REQUEST=GetMap&Layers=OU&SRS={proj}&WIDTH={width}&HEIGHT={height}&BBOX={bbox}";"False";"[]";"";"";"GRAFCAN OrtoExpress Urbana 2009";"";"";"GRAFCAN-Canary_Islands"
"IDEIB - Balearic Islands";"wms";"http://ideib.caib.es/pub_ideib/public/IMATGES_AERIES/MapServer/WMSServer?VERSION=1.1.1&REQUEST=GetMap&SRS={proj}&LAYERS=8&STYLES=default&FORMAT=image/png&WIDTH={width}&HEIGHT={height}&BBOX={bbox}";"False";"[]";"";"";"ideib.cat";"";"";"IDEIB-Balearic_Islands"
"ITACyL - Castile and León";"wms";"http://orto.wms.itacyl.es/WMS?REQUEST=GetMap&SERVICE=WMS&VERSION=1.1.1&LAYERS=Ortofoto_CyL&SRS={proj}&FORMAT=image/jpeg&STYLES=Default&TRANSPARENT=TRUE&WIDTH={width}&HEIGHT={height}&BBOX={bbox}";"False";"[]";"";"";"ITACyL";"";"";"ITACyL-Castile-and-Leon"
"PNOA Spain";"tms";"http://www.ign.es/wmts/pnoa-ma?request=GetTile&service=WMTS&VERSION=1.0.0&Layer=OI.OrthoimageCoverage&Style=default&Format=image/png&TileMatrixSet=GoogleMapsCompatible&TileMatrix={zoom}&TileRow={y}&TileCol={x}";"False";"[]";"";"";"PNOA";"";"";"PNOA-Spain-TMS"
"PNOA Spain";"wms";"http://www.idee.es/wms/PNOA/PNOA?REQUEST=GetMap&VERSION=1.1.1&SERVICE=WMS&SRS={proj}&LAYERS=pnoa&STYLES=default&FORMAT=image/jpeg&WIDTH={width}&HEIGHT={height}&BBOX={bbox}";"False";"[]";"";"";"PNOA";"";"";"PNOA-Spain"
"SIGPAC Spain";"wms";"http://wms.marm.es/wms/wms.aspx?FORMAT=image/jpeg&VERSION=1.1.1&SERVICE=WMS&REQUEST=GetMap&Layers=ORTOFOTOS&SRS={proj}&WIDTH={width}&HEIGHT={height}&BBOX={bbox}";"False";"[]";"";"";"SIGPAC";"";"";"SIGPAC-Spain"
"CRAIG - Auvergne 2013 - 25 cm";"tms";"http://tiles.craig.fr/osm/tms/1.0.0/ortho_2013/webmercator/{zoom-1}/{x}/{-y}.jpeg";"False";"[]";"";"";"Orthophotographie CRAIG/Sintegra/IGN 2013";"http://wiki.openstreetmap.org/wiki/WikiProject_France/CRAIG";"";"CRAIG-Auvergne-2013"
"FR-BAN";"tms";"http://{switch:a,b,c}.layers.openstreetmap.fr/bano/{zoom}/{x}/{y}.png";"True";"[u'http://a.tile.openstreetmap.fr/osmfr/{z}/{x}/{y}.png', u'http://a.tile.openstreetmap.fr/hot/{z}/{x}/{y}.png']";"";"http://www.opendatacommons.org/licenses/odbl/1.0/";"Tiles © cquest@Openstreetmap France, data © OpenStreetMap contributors, ODBL";"https://wiki.openstreetmap.org/wiki/WikiProject_France/WikiProject_Base_Adresses_Nationale_Ouverte_(BANO)";"";"FR-BAN"
"FR-Cadastre";"tms";"http://tms.cadastre.openstreetmap.fr/*/tout/{zoom}/{x}/{y}.png";"True";"[u'http://a.tile.openstreetmap.fr/osmfr/{z}/{x}/{y}.png', u'http://a.tile.openstreetmap.fr/hot/{z}/{x}/{y}.png']";"";"http://wiki.openstreetmap.org/wiki/WikiProject_Cadastre_Fran%C3%A7ais/Conditions_d%27utilisation#Mention_de_la_source_et_du_mill.C3.A9sime";"cadastre-dgi-fr source : Direction Générale des Impôts - Cadastre. Mise à jour : 2015";"http://wiki.openstreetmap.org/wiki/WikiProject_Cadastre_Fran%C3%A7ais/Conditions_d%27utilisation";"";"FR-Cadastre"
"Géolittoral - Orthophotos 2000";"wms";"http://geolittoral.application.developpement-durable.gouv.fr/wms2/metropole?FORMAT=image/jpeg&VERSION=1.1.1&SERVICE=WMS&REQUEST=GetMap&LAYERS=ortholittorale&STYLES=&SRS={proj}&WIDTH={width}&HEIGHT={height}&BBOX={bbox}";"False";"[]";"";"";"Ortho littorale 2000";"http://wiki.openstreetmap.org/wiki/WikiProject_France/G%C3%A9oLittoral";"";"Geolittoral-Orthophotos2000"
"Géolittoral - Sentiers";"wms";"http://geolittoral.application.developpement-durable.gouv.fr/wms2/metropole?FORMAT=image/png&TRANSPARENT=TRUE&VERSION=1.1.1&SERVICE=WMS&REQUEST=GetMap&LAYERS=n_sentier_littoral_l&STYLES=&SRS={proj}&WIDTH={width}&HEIGHT={height}&BBOX={bbox}";"False";"[]";"";"";"Ortho littorale 2000";"http://wiki.openstreetmap.org/wiki/WikiProject_France/G%C3%A9oLittoral";"";"Geolittoral-Sentiers"
"Géolittoral V2 - Orthophotos 2011-2014";"wms";"http://geolittoral.application.developpement-durable.gouv.fr/wms2/metropole?FORMAT=image/jpeg&VERSION=1.1.1&SERVICE=WMS&REQUEST=GetMap&LAYERS=ortholittorale_v2_rvb&STYLES=&SRS={proj}&WIDTH={width}&HEIGHT={height}&BBOX={bbox}";"False";"[]";"";"";"Ortho Littorale V2 - MEDDE";"http://wiki.openstreetmap.org/wiki/WikiProject_France/G%C3%A9oLittoral";"";"GeolittoralV2-Orthophotos"
"Géobretagne - Brest 2010 - 10 cm";"wms";"http://geobretagne.fr/wmsouvert?FORMAT=image/jpeg&VERSION=1.1.1&SERVICE=WMS&REQUEST=GetMap&Layers=ortho-bmo-2010&SRS={proj}&WIDTH={width}&HEIGHT={height}&BBOX={bbox}";"False";"[]";"";"";"";"";"";"Geobretagne-Brest-2010"
"Géobretagne - Morbihan 2010";"wms";"http://geobretagne.fr/wmsouvert?FORMAT=image/jpeg&VERSION=1.1.1&SERVICE=WMS&REQUEST=GetMap&Layers=ortho-megalis-56&SRS={proj}&WIDTH={width}&HEIGHT={height}&BBOX={bbox}";"False";"[]";"";"";"";"";"";"Geobretagne-Morbihan-2010"
"Toulouse - Orthophotoplan 2007";"tms";"http://wms.openstreetmap.fr/tms/1.0.0/toulouse_ortho2007/{zoom}/{x}/{y}";"True";"[u'http://a.tile.openstreetmap.fr/osmfr/{z}/{x}/{y}.png', u'http://a.tile.openstreetmap.fr/hot/{z}/{x}/{y}.png']";"";"";"ToulouseMetropole";"https://wiki.openstreetmap.org/wiki/Toulouse/ToulouseMetropoleData";"";"Toulouse-Orthophotoplan-2007"
"Toulouse - Orthophotoplan 2011";"tms";"http://wms.openstreetmap.fr/tms/1.0.0/toulouse_ortho2011/{zoom}/{x}/{y}";"True";"[u'http://a.tile.openstreetmap.fr/osmfr/{z}/{x}/{y}.png', u'http://a.tile.openstreetmap.fr/hot/{z}/{x}/{y}.png']";"";"";"ToulouseMetropole";"https://wiki.openstreetmap.org/wiki/Toulouse/ToulouseMetropoleData";"";"Toulouse-Orthophotoplan-2011"
"Toulouse - Orthophotoplan 2013";"tms";"http://wms.openstreetmap.fr/tms/1.0.0/toulouse_2013/{zoom}/{x}/{y}";"True";"[u'http://a.tile.openstreetmap.fr/osmfr/{z}/{x}/{y}.png', u'http://a.tile.openstreetmap.fr/hot/{z}/{x}/{y}.png']";"";"http://opendatacommons.org/licenses/odbl/";"ToulouseMetropole";"https://wiki.openstreetmap.org/wiki/Toulouse/ToulouseMetropoleData";"";"Toulouse-Orthophotoplan-2013"
"Toulouse - Orthophotoplan 2015";"tms";"http://wms.openstreetmap.fr/tms/1.0.0/toulouse_2015/{zoom}/{x}/{y}";"True";"[u'http://a.tile.openstreetmap.fr/osmfr/{z}/{x}/{y}.png', u'http://a.tile.openstreetmap.fr/hot/{z}/{x}/{y}.png']";"";"http://opendatacommons.org/licenses/odbl/";"ToulouseMetropole";"https://wiki.openstreetmap.org/wiki/Toulouse/ToulouseMetropoleData";"";"Toulouse-Orthophotoplan-2015"
"Tours - Orthophotos 2013";"tms";"http://wms.openstreetmap.fr/tms/1.0.0/tours_2013/{zoom}/{x}/{y}";"True";"[u'http://a.tile.openstreetmap.fr/osmfr/{z}/{x}/{y}.png', u'http://a.tile.openstreetmap.fr/hot/{z}/{x}/{y}.png']";"";"http://wiki.openstreetmap.org/wiki/Tours/Orthophoto";"Orthophoto Tour(s)plus 2013";"http://wiki.openstreetmap.org/wiki/Tours/Orthophoto";"";"Tours-Orthophoto-2013"
"Tours - Orthophotos 2008-2010";"tms";"http://wms.openstreetmap.fr/tms/1.0.0/tours/{zoom}/{x}/{y}";"True";"[u'http://a.tile.openstreetmap.fr/osmfr/{z}/{x}/{y}.png', u'http://a.tile.openstreetmap.fr/hot/{z}/{x}/{y}.png']";"";"";"Orthophoto Tour(s) Plus 2008";"http://wiki.openstreetmap.org/wiki/Tours/Orthophoto";"";"Tours-Orthophoto-2008_2010"
"7th Series (OS7)";"tms";"http://ooc.openstreetmap.org/os7/{zoom}/{x}/{y}.jpg";"True";"[u'http://tile.openstreetmap.org/{z}/{x}/{y}.png', u'http://gps-a.tile.openstreetmap.org/lines/{z}/{x}/{y}.png']";"";"";"";"";"";"OS7"
"NLS - Bartholomew Half Inch, 1897-1907";"tms";"http://geo.nls.uk/mapdata2/bartholomew/great_britain/{zoom}/{x}/{-y}.png";"False";"[]";"";"";"National Library of Scotland Historic Maps";"http://geo.nls.uk/maps/";"";"NLS-Bartholomew-hfinch-hist"
"NLS - OS 1-inch 7th Series 1955-61";"tms";"http://geo.nls.uk/mapdata2/os/seventh/{zoom}/{x}/{-y}.png";"False";"[]";"";"";"National Library of Scotland Historic Maps";"http://geo.nls.uk/maps/";"";"NLS-OS-7th_Series"
"NLS - OS 1:25k 1st Series 1937-61";"tms";"http://geo.nls.uk/mapdata2/os/25000/{zoom}/{x}/{-y}.png";"False";"[]";"";"";"National Library of Scotland Historic Maps";"http://geo.nls.uk/maps/";"";"NLS-OS-1st_Series"
"NLS - OS 25-inch (Scotland), 1892-1905";"tms";"http://geo.nls.uk/mapdata2/os/25_inch/scotland_1/{zoom}/{x}/{y}.png";"False";"[]";"";"";"National Library of Scotland Historic Maps";"http://geo.nls.uk/maps/";"";"NLS-OS-25inch-hist"
"NLS - OS 6-inch County Series, 1888-1913";"tms";"http://geo.nls.uk/mapdata3/os/6_inch_gb_1900/{zoom}/{x}/{y}.png";"False";"[]";"";"";"National Library of Scotland Historic Maps";"http://geo.nls.uk/maps/";"";"NLS-OS-6inch-County-Series-hist"
"NLS - OS 6-inch Scotland 1842-82";"tms";"http://geo.nls.uk/maps/os/six_inch/{zoom}/{x}/{-y}.png";"False";"[]";"";"";"National Library of Scotland Historic Maps";"http://geo.nls.uk/maps/";"";"NLS-OS-6inch-Scotland-hist"
"OS Town Plans, Aberdeen 1866-1867 (NLS)";"tms";"http://geo.nls.uk/maps/towns/aberdeen/{zoom}/{x}/{-y}.png";"False";"[]";"";"";"National Library of Scotland - Aberdeen 1866-1867";"http://maps.nls.uk/townplans/aberdeen.html";"";"NLS_aberdeen1866_1867"
"OS Town Plans, Airdrie 1858 (NLS)";"tms";"http://geo.nls.uk/maps/towns/airdrie/{zoom}/{x}/{-y}.png";"False";"[]";"";"";"National Library of Scotland - Airdrie 1858";"http://maps.nls.uk/townplans/airdrie.html";"";"NLS_airdrie1858"
"OS Town Plans, Alexandria 1859 (NLS)";"tms";"http://geo.nls.uk/maps/towns/alexandria/{zoom}/{x}/{-y}.png";"False";"[]";"";"";"National Library of Scotland - Alexandria 1859";"http://maps.nls.uk/townplans/alexandria.html";"";"NLS_alexandria1859"
"OS Town Plans, Alloa 1861-1862 (NLS)";"tms";"http://geo.nls.uk/maps/towns/alloa/{zoom}/{x}/{-y}.png";"False";"[]";"";"";"National Library of Scotland - Alloa 1861-1862";"http://maps.nls.uk/townplans/alloa.html";"";"NLS_alloa1861_1862"
"OS Town Plans, Annan 1859 (NLS)";"tms";"http://geo.nls.uk/maps/towns/annan/{zoom}/{x}/{-y}.png";"False";"[]";"";"";"National Library of Scotland - Annan 1859";"http://maps.nls.uk/townplans/annan.html";"";"NLS_annan1859"
"OS Town Plans, Arbroath 1858 (NLS)";"tms";"http://geo.nls.uk/maps/towns/arbroath/{zoom}/{x}/{-y}.png";"False";"[]";"";"";"National Library of Scotland - Arbroath 1858";"http://maps.nls.uk/townplans/arbroath.html";"";"NLS_arbroath1858"
"OS Town Plans, Ayr 1855 (NLS)";"tms";"http://geo.nls.uk/maps/towns/ayr/{zoom}/{x}/{-y}.png";"False";"[]";"";"";"National Library of Scotland - Ayr 1855";"http://maps.nls.uk/townplans/ayr.html";"";"NLS_ayr1855"
"OS Town Plans, Berwick-upon-Tweed 1852 (NLS)";"tms";"http://geo.nls.uk/maps/towns/berwick/{zoom}/{x}/{-y}.png";"False";"[]";"";"";"National Library of Scotland - Berwick-upon-Tweed 1852";"http://maps.nls.uk/townplans/berwick.html";"";"NLS_berwick1852"
"OS Town Plans, Brechin 1862 (NLS)";"tms";"http://geo.nls.uk/maps/towns/brechin/{zoom}/{x}/{-y}.png";"False";"[]";"";"";"National Library of Scotland - Brechin 1862";"http://maps.nls.uk/townplans/brechin.html";"";"NLS_brechin1862"
"OS Town Plans, Burntisland 1894 (NLS)";"tms";"http://geo.nls.uk/maps/towns/burntisland/{zoom}/{x}/{-y}.png";"False";"[]";"";"";"National Library of Scotland - Burntisland 1894";"http://maps.nls.uk/townplans/burntisland.html";"";"NLS_burntisland1894"
"OS Town Plans, Campbelton 1865 (NLS)";"tms";"http://geo.nls.uk/maps/towns/campbeltown/{zoom}/{x}/{-y}.png";"False";"[]";"";"";"National Library of Scotland - Campbelton 1865";"http://maps.nls.uk/townplans/campbelton.html";"";"NLS_campbeltown1865"
"OS Town Plans, Coatbridge 1858 (NLS)";"tms";"http://geo.nls.uk/maps/towns/coatbridge/{zoom}/{x}/{-y}.png";"False";"[]";"";"";"National Library of Scotland - Coatbridge 1858";"http://maps.nls.uk/townplans/coatbridge.html";"";"NLS_coatbridge1858"
"OS Town Plans, Cupar 1854 (NLS)";"tms";"http://geo.nls.uk/maps/towns/cupar1854/{zoom}/{x}/{-y}.png";"False";"[]";"";"";"National Library of Scotland - Cupar 1854";"http://maps.nls.uk/townplans/cupar_1.html";"";"OS-Town_Plans-Cupar-1854"
"OS Town Plans, Cupar 1893-1894 (NLS)";"tms";"http://geo.nls.uk/maps/towns/cupar1893/{zoom}/{x}/{-y}.png";"False";"[]";"";"";"National Library of Scotland - Cupar 1893-1894";"http://maps.nls.uk/townplans/cupar_2.html";"";"NLS_cupar1893_1894"
"OS Town Plans, Dalkeith 1852 (NLS)";"tms";"http://geo.nls.uk/maps/towns/dalkeith1852/{zoom}/{x}/{-y}.png";"False";"[]";"";"";"National Library of Scotland - Dalkeith 1852";"http://maps.nls.uk/townplans/dalkeith_1.html";"";"NLS_dalkeith1852"
"OS Town Plans, Dalkeith 1893 (NLS)";"tms";"http://geo.nls.uk/maps/towns/dalkeith1893/{zoom}/{x}/{-y}.png";"False";"[]";"";"";"National Library of Scotland - Dalkeith 1893";"http://maps.nls.uk/townplans/dalkeith_2.html";"";"NLS_dalkeith1893"
"OS Town Plans, Dumbarton 1859 (NLS)";"tms";"http://geo.nls.uk/maps/towns/dumbarton/{zoom}/{x}/{-y}.png";"False";"[]";"";"";"National Library of Scotland - Dumbarton 1859";"http://maps.nls.uk/townplans/dumbarton.html";"";"NLS_dumbarton1859"
"OS Town Plans, Dumfries 1850 (NLS)";"tms";"http://geo.nls.uk/maps/towns/dumfries1850/{zoom}/{x}/{-y}.png";"False";"[]";"";"";"National Library of Scotland - Dumfries 1850";"http://maps.nls.uk/townplans/dumfries_1.html";"";"NLS_dumfries1850"
"OS Town Plans, Dumfries 1893 (NLS)";"tms";"http://geo.nls.uk/maps/towns/dumfries1893/{zoom}/{x}/{-y}.png";"False";"[]";"";"";"National Library of Scotland - Dumfries 1893";"http://maps.nls.uk/townplans/dumfries_2.html";"";"NLS_dumfries1893"
"OS Town Plans, Dundee 1857-1858 (NLS)";"tms";"http://geo.nls.uk/maps/towns/dundee1857/{zoom}/{x}/{-y}.png";"False";"[]";"";"";"National Library of Scotland - Dundee 1857-1858";"http://maps.nls.uk/townplans/dundee_1.html";"";"NLS_dundee1857_1858"
"OS Town Plans, Dundee 1870-1872 (NLS)";"tms";"http://geo.nls.uk/maps/towns/dundee1870/{zoom}/{x}/{-y}.png";"False";"[]";"";"";"National Library of Scotland - Dundee 1870-1872";"http://maps.nls.uk/townplans/dundee_2.html";"";"NLS_dundee1870_1872"
"OS Town Plans, Dunfermline 1854 (NLS)";"tms";"http://geo.nls.uk/maps/towns/dunfermline1854/{zoom}/{x}/{-y}.png";"False";"[]";"";"";"National Library of Scotland - Dunfermline 1854";"http://maps.nls.uk/townplans/dunfermline_1.html";"";"NLS_dunfermline1854"
"OS Town Plans, Dunfermline 1894 (NLS)";"tms";"http://geo.nls.uk/maps/towns/dunfermline1893/{zoom}/{x}/{-y}.png";"False";"[]";"";"";"National Library of Scotland - Dunfermline 1894";"http://maps.nls.uk/townplans/dunfermline_2.html";"";"NLS_dunfermline1894"
"OS Town Plans, Edinburgh 1849-1851 (NLS)";"tms";"http://geo.nls.uk/maps/towns/edinburgh1849/{zoom}/{x}/{y}.png";"False";"[]";"";"";"National Library of Scotland - Edinburgh 1849-1851";"http://maps.nls.uk/townplans/edinburgh1056_1.html";"";"NLS_edinburgh1849_1851"
"OS Town Plans, Edinburgh 1876-1877 (NLS)";"tms";"http://geo.nls.uk/maps/towns/edinburgh1876/{zoom}/{x}/{-y}.png";"False";"[]";"";"";"National Library of Scotland - Edinburgh 1876-1877";"http://maps.nls.uk/townplans/edinburgh1056_2.html";"";"NLS_edinburgh1876_1877"
"OS Town Plans, Edinburgh 1893-1894 (NLS)";"tms";"http://geo.nls.uk/maps/towns/edinburgh1893/{zoom}/{x}/{-y}.png";"False";"[]";"";"";"National Library of Scotland - Edinburgh 1893-1894";"http://maps.nls.uk/townplans/edinburgh500.html";"";"NLS_edinburgh1893_1894"
"OS Town Plans, Elgin 1868 (NLS)";"tms";"http://geo.nls.uk/maps/towns/elgin/{zoom}/{x}/{-y}.png";"False";"[]";"";"";"National Library of Scotland - Elgin 1868";"http://maps.nls.uk/townplans/elgin.html";"";"NLS_elgin1868"
"OS Town Plans, Falkirk 1858-1859 (NLS)";"tms";"http://geo.nls.uk/maps/towns/falkirk/{zoom}/{x}/{-y}.png";"False";"[]";"";"";"National Library of Scotland - Falkirk 1858-1859";"http://maps.nls.uk/townplans/falkirk.html";"";"NLS_falkirk1858_1859"
"OS Town Plans, Forfar 1860-1861 (NLS)";"tms";"http://geo.nls.uk/maps/towns/forfar/{zoom}/{x}/{-y}.png";"False";"[]";"";"";"National Library of Scotland - Forfar 1860-1861";"http://maps.nls.uk/townplans/forfar.html";"";"NLS_forfar1860_1861"
"OS Town Plans, Forres 1868 (NLS)";"tms";"http://geo.nls.uk/maps/towns/forres/{zoom}/{x}/{-y}.png";"False";"[]";"";"";"National Library of Scotland - Forres 1868";"http://maps.nls.uk/townplans/forres.html";"";"NLS_forres1868"
"OS Town Plans, Galashiels 1858 (NLS)";"tms";"http://geo.nls.uk/maps/towns/galashiels/{zoom}/{x}/{-y}.png";"False";"[]";"";"";"National Library of Scotland - Galashiels 1858";"http://maps.nls.uk/townplans/galashiels.html";"";"NLS_galashiels1858"
"OS Town Plans, Girvan 1857 (NLS)";"tms";"http://geo.nls.uk/maps/towns/girvan/{zoom}/{x}/{-y}.png";"False";"[]";"";"";"National Library of Scotland - Girvan 1857";"http://maps.nls.uk/townplans/girvan.html";"";"NLS_girvan1857"
"OS Town Plans, Glasgow 1857-1858 (NLS)";"tms";"http://geo.nls.uk/maps/towns/glasgow1857/{zoom}/{x}/{-y}.png";"False";"[]";"";"";"National Library of Scotland - Glasgow 1857-1858";"http://maps.nls.uk/townplans/glasgow_1.html";"";"NLS_glasgow1857_1858"
"OS Town Plans, Glasgow 1892-1894 (NLS)";"tms";"http://geo.nls.uk/maps/towns/glasgow1894/{zoom}/{x}/{-y}.png";"False";"[]";"";"";"National Library of Scotland - Glasgow 1892-1894";"http://maps.nls.uk/townplans/glasgow_2.html";"";"NLS_glasgow1892_1894"
"OS Town Plans, Greenock 1857 (NLS)";"tms";"http://geo.nls.uk/maps/towns/greenock/{zoom}/{x}/{-y}.png";"False";"[]";"";"";"National Library of Scotland - Greenock 1857";"http://maps.nls.uk/townplans/greenock.html";"";"NLS_greenock1857"
"OS Town Plans, Haddington 1853 (NLS)";"tms";"http://geo.nls.uk/maps/towns/haddington1853/{zoom}/{x}/{-y}.png";"False";"[]";"";"";"National Library of Scotland - Haddington 1853";"http://maps.nls.uk/townplans/haddington_1.html";"";"NLS_haddington1853"
"OS Town Plans, Haddington 1893 (NLS)";"tms";"http://geo.nls.uk/maps/towns/haddington1893/{zoom}/{x}/{-y}.png";"False";"[]";"";"";"National Library of Scotland - Haddington 1893";"http://maps.nls.uk/townplans/haddington_2.html";"";"NLS_haddington1893"
"OS Town Plans, Hamilton 1858 (NLS)";"tms";"http://geo.nls.uk/maps/towns/hamilton/{zoom}/{x}/{-y}.png";"False";"[]";"";"";"National Library of Scotland - Hamilton 1858";"http://maps.nls.uk/townplans/hamilton.html";"";"NLS_hamilton1858"
"OS Town Plans, Hawick 1857-1858 (NLS)";"tms";"http://geo.nls.uk/maps/towns/hawick/{zoom}/{x}/{-y}.png";"False";"[]";"";"";"National Library of Scotland - Hawick 1857-1858";"http://maps.nls.uk/townplans/hawick.html";"";"NLS_hawick1857_1858"
"OS Town Plans, Inverness 1867-1868 (NLS)";"tms";"http://geo.nls.uk/maps/towns/inverness/{zoom}/{x}/{-y}.png";"False";"[]";"";"";"National Library of Scotland - Inverness 1867-1868";"http://maps.nls.uk/townplans/inverness.html";"";"NLS_inverness1867_1868"
"OS Town Plans, Irvine 1859 (NLS)";"tms";"http://geo.nls.uk/maps/towns/irvine/{zoom}/{x}/{-y}.png";"False";"[]";"";"";"National Library of Scotland - Irvine 1859";"http://maps.nls.uk/townplans/irvine.html";"";"NLS_irvine1859"
"OS Town Plans, Jedburgh 1858 (NLS)";"tms";"http://geo.nls.uk/maps/towns/jedburgh/{zoom}/{x}/{-y}.png";"False";"[]";"";"";"National Library of Scotland - Jedburgh 1858";"http://maps.nls.uk/townplans/jedburgh.html";"";"NLS_jedburgh1858"
"OS Town Plans, Kelso 1857 (NLS)";"tms";"http://geo.nls.uk/maps/towns/kelso/{zoom}/{x}/{-y}.png";"False";"[]";"";"";"National Library of Scotland - Kelso 1857";"http://maps.nls.uk/townplans/kelso.html";"";"NLS_kelso1857"
"OS Town Plans, Kilmarnock 1857-1859 (NLS)";"tms";"http://geo.nls.uk/maps/towns/kilmarnock/{zoom}/{x}/{-y}.png";"False";"[]";"";"";"National Library of Scotland - Kilmarnock 1857-1859";"http://maps.nls.uk/townplans/kilmarnock.html";"";"NLS_kilmarnock1857_1859"
"OS Town Plans, Kirkcaldy 1855 (NLS)";"tms";"http://geo.nls.uk/maps/towns/kirkcaldy1855/{zoom}/{x}/{-y}.png";"False";"[]";"";"";"National Library of Scotland - Kirkcaldy 1855";"http://maps.nls.uk/townplans/kirkcaldy_1.html";"";"NLS_kirkcaldy1855"
"OS Town Plans, Kirkcaldy 1894 (NLS)";"tms";"http://geo.nls.uk/maps/towns/kirkcaldy1894/{zoom}/{x}/{-y}.png";"False";"[]";"";"";"National Library of Scotland - Kirkcaldy 1894";"http://maps.nls.uk/townplans/kirkcaldy_2.html";"";"NLS_kirkcaldy1894"
"OS Town Plans, Kirkcudbright 1850 (NLS)";"tms";"http://geo.nls.uk/maps/towns/kirkcudbright1850/{zoom}/{x}/{-y}.png";"False";"[]";"";"";"National Library of Scotland - Kirkcudbright 1850";"http://maps.nls.uk/townplans/kirkcudbright_1.html";"";"NLS_kirkcudbright1850"
"OS Town Plans, Kirkcudbright 1893 (NLS)";"tms";"http://geo.nls.uk/maps/towns/kirkcudbright1893/{zoom}/{x}/{-y}.png";"False";"[]";"";"";"National Library of Scotland - Kirkcudbright 1893";"http://maps.nls.uk/townplans/kirkcudbright_2.html";"";"NLS_kirkcudbright1893"
"OS Town Plans, Kirkintilloch 1859 (NLS)";"tms";"http://geo.nls.uk/maps/towns/kirkintilloch/{zoom}/{x}/{-y}.png";"False";"[]";"";"";"National Library of Scotland - Kirkintilloch 1859";"http://maps.nls.uk/townplans/kirkintilloch.html";"";"NLS_kirkintilloch1859"
"OS Town Plans, Kirriemuir 1861 (NLS)";"tms";"http://geo.nls.uk/maps/towns/kirriemuir/{zoom}/{x}/{-y}.png";"False";"[]";"";"";"National Library of Scotland - Kirriemuir 1861";"http://maps.nls.uk/townplans/kirriemuir.html";"";"NLS_kirriemuir1861"
"OS Town Plans, Lanark 1858 (NLS)";"tms";"http://geo.nls.uk/maps/towns/lanark/{zoom}/{x}/{-y}.png";"False";"[]";"";"";"National Library of Scotland - Lanark 1858";"http://maps.nls.uk/townplans/lanark.html";"";"NLS_lanark1858"
"OS Town Plans, Linlithgow 1856 (NLS)";"tms";"http://geo.nls.uk/maps/towns/linlithgow/{zoom}/{x}/{-y}.png";"False";"[]";"";"";"National Library of Scotland - Linlithgow 1856";"http://maps.nls.uk/townplans/linlithgow.html";"";"NLS_linlithgow1856"
"OS Town Plans, Mayole 1856-1857 (NLS)";"tms";"http://geo.nls.uk/maps/towns/maybole/{zoom}/{x}/{-y}.png";"False";"[]";"";"";"National Library of Scotland - Mayole 1856-1857";"http://maps.nls.uk/townplans/maybole.html";"";"NLS_maybole1856_1857"
"OS Town Plans, Montrose 1861-1862 (NLS)";"tms";"http://geo.nls.uk/maps/towns/montrose/{zoom}/{x}/{-y}.png";"False";"[]";"";"";"National Library of Scotland - Montrose 1861-1862";"http://maps.nls.uk/townplans/montrose.html";"";"NLS_montrose1861_1862"
"OS Town Plans, Musselburgh 1853 (NLS)";"tms";"http://geo.nls.uk/maps/towns/musselburgh1853/{zoom}/{x}/{-y}.png";"False";"[]";"";"";"National Library of Scotland - Musselburgh 1853";"http://maps.nls.uk/townplans/musselburgh_1.html";"";"NLS_musselburgh1853"
"OS Town Plans, Musselburgh 1893 (NLS)";"tms";"http://geo.nls.uk/maps/towns/musselburgh1893/{zoom}/{x}/{-y}.png";"False";"[]";"";"";"National Library of Scotland - Musselburgh 1893";"http://maps.nls.uk/townplans/musselburgh_2.html";"";"NLS_musselburgh1893"
"OS Town Plans, Nairn 1867-1868 (NLS)";"tms";"http://geo.nls.uk/maps/towns/nairn/{zoom}/{x}/{-y}.png";"False";"[]";"";"";"National Library of Scotland - Nairn 1867-1868";"http://maps.nls.uk/townplans/nairn.html";"";"NLS_nairn1867_1868"
"OS Town Plans, Oban 1867-1868 (NLS)";"tms";"http://geo.nls.uk/maps/towns/oban/{zoom}/{x}/{-y}.png";"False";"[]";"";"";"National Library of Scotland - Oban 1867-1868";"http://maps.nls.uk/townplans/oban.html";"";"NLS_oban1867_1868"
"OS Town Plans, Paisley 1858 (NLS)";"tms";"http://geo.nls.uk/maps/towns/paisley/{zoom}/{x}/{-y}.png";"False";"[]";"";"";"National Library of Scotland - Paisley 1858";"http://maps.nls.uk/townplans/paisley.html";"";"NLS_paisley1858"
"OS Town Plans, Peebles 1856 (NLS)";"tms";"http://geo.nls.uk/maps/towns/peebles/{zoom}/{x}/{-y}.png";"False";"[]";"";"";"National Library of Scotland - Peebles 1856";"http://maps.nls.uk/townplans/peebles.html";"";"NLS_peebles1856"
"OS Town Plans, Perth 1860 (NLS)";"tms";"http://geo.nls.uk/maps/towns/perth/{zoom}/{x}/{-y}.png";"False";"[]";"";"";"National Library of Scotland - Perth 1860";"http://maps.nls.uk/townplans/perth.html";"";"NLS_perth1860"
"OS Town Plans, Peterhead 1868 (NLS)";"tms";"http://geo.nls.uk/maps/towns/peterhead/{zoom}/{x}/{-y}.png";"False";"[]";"";"";"National Library of Scotland - Peterhead 1868";"http://maps.nls.uk/townplans/peterhead";"";"NLS_peterhead1868"
"OS Town Plans, Port Glasgow 1856-1857 (NLS)";"tms";"http://geo.nls.uk/maps/towns/portglasgow/{zoom}/{x}/{-y}.png";"False";"[]";"";"";"National Library of Scotland - Port Glasgow 1856-1857";"http://maps.nls.uk/townplans/port-glasgow.html";"";"NLS_portglasgow1856_1857"
"OS Town Plans, Portobello 1893-1894 (NLS)";"tms";"http://geo.nls.uk/maps/towns/portobello/{zoom}/{x}/{-y}.png";"False";"[]";"";"";"National Library of Scotland - Portobello 1893-1894";"http://maps.nls.uk/townplans/portobello.html";"";"NLS_portobello1893_1894"
"OS Town Plans, Rothesay 1862-1863 (NLS)";"tms";"http://geo.nls.uk/maps/towns/rothesay/{zoom}/{x}/{-y}.png";"False";"[]";"";"";"National Library of Scotland - Rothesay 1862-1863";"http://maps.nls.uk/townplans/rothesay.html";"";"NLS_rothesay1862_1863"
"OS Town Plans, Selkirk 1865 (NLS)";"tms";"http://geo.nls.uk/maps/towns/selkirk/{zoom}/{x}/{-y}.png";"False";"[]";"";"";"National Library of Scotland - Selkirk 1865";"http://maps.nls.uk/townplans/selkirk.html";"";"NLS_selkirk1865"
"OS Town Plans, St Andrews 1854 (NLS)";"tms";"http://geo.nls.uk/maps/towns/standrews1854/{zoom}/{x}/{-y}.png";"False";"[]";"";"";"National Library of Scotland - St Andrews 1854";"http://maps.nls.uk/townplans/st-andrews_1.html";"";"NLS_standrews1854"
"OS Town Plans, St Andrews 1893 (NLS)";"tms";"http://geo.nls.uk/maps/towns/standrews1893/{zoom}/{x}/{-y}.png";"False";"[]";"";"";"National Library of Scotland - St Andrews 1893";"http://maps.nls.uk/townplans/st-andrews_2.html";"";"NLS_standrews1893"
"OS Town Plans, Stirling 1858 (NLS)";"tms";"http://geo.nls.uk/maps/towns/stirling/{zoom}/{x}/{-y}.png";"False";"[]";"";"";"National Library of Scotland - Stirling 1858";"http://maps.nls.uk/townplans/stirling.html";"";"NLS_stirling1858"
"OS Town Plans, Stonehaven 1864 (NLS)";"tms";"http://geo.nls.uk/maps/towns/stonehaven/{zoom}/{x}/{-y}.png";"False";"[]";"";"";"National Library of Scotland - Stonehaven 1864";"http://maps.nls.uk/townplans/stonehaven.html";"";"NLS_stonehaven1864"
"OS Town Plans, Stranraer 1847 (NLS)";"tms";"http://geo.nls.uk/maps/towns/stranraer1847/{zoom}/{x}/{-y}.png";"False";"[]";"";"";"National Library of Scotland - Stranraer 1847";"http://maps.nls.uk/townplans/stranraer_1.html";"";"NLS_stranraer1847"
"OS Town Plans, Stranraer 1863-1877 (NLS)";"tms";"http://geo.nls.uk/maps/towns/stranraer1867/{zoom}/{x}/{-y}.png";"False";"[]";"";"";"National Library of Scotland - Stranraer 1863-1877";"http://maps.nls.uk/townplans/stranraer_1a.html";"";"NLS_stranraer1867_1877"
"OS Town Plans, Stranraer 1893 (NLS)";"tms";"http://geo.nls.uk/maps/towns/stranraer1893/{zoom}/{x}/{-y}.png";"False";"[]";"";"";"National Library of Scotland - Stranraer 1893";"http://maps.nls.uk/townplans/stranraer_2.html";"";"NLS_stranraer1893"
"OS Town Plans, Strathaven 1858 (NLS)";"tms";"http://geo.nls.uk/maps/towns/strathaven/{zoom}/{x}/{-y}.png";"False";"[]";"";"";"National Library of Scotland - Strathaven 1858";"http://maps.nls.uk/townplans/strathaven.html";"";"NLS_strathaven1858"
"OS Town Plans, Wick 1872 (NLS)";"tms";"http://geo.nls.uk/maps/towns/wick/{zoom}/{x}/{-y}.png";"False";"[]";"";"";"National Library of Scotland - Wick 1872";"http://maps.nls.uk/townplans/wick.html";"";"NLS_wick1872"
"OS Town Plans, Wigtown 1848 (NLS)";"tms";"http://geo.nls.uk/maps/towns/wigtown1848/{zoom}/{x}/{-y}.png";"False";"[]";"";"";"National Library of Scotland - Wigtown 1848";"http://maps.nls.uk/townplans/wigtown_1.html";"";"NLS_wigtown1848"
"OS Town Plans, Wigtown 1894 (NLS)";"tms";"http://geo.nls.uk/maps/towns/wigtown1894/{zoom}/{x}/{-y}.png";"False";"[]";"";"";"National Library of Scotland - Wigtown 1894";"http://maps.nls.uk/townplans/wigtown_2.html";"";"NLS_wigtown1894"
"OS 1:25k historic (OSM)";"tms";"http://ooc.openstreetmap.org/os1/{zoom}/{x}/{y}.jpg";"True";"[u'http://tile.openstreetmap.org/{z}/{x}/{y}.png', u'http://gps-a.tile.openstreetmap.org/lines/{z}/{x}/{y}.png']";"";"";"";"";"";"OS-historic-25k-OSM_Limited"
"OS New Popular Edition historic";"tms";"http://ooc.openstreetmap.org/npe/{zoom}/{x}/{y}.png";"True";"[u'http://tile.openstreetmap.org/{z}/{x}/{y}.png', u'http://gps-a.tile.openstreetmap.org/lines/{z}/{x}/{y}.png']";"";"";"";"";"";"OS-New_Popular_Edition-historic"
"OS OpenData Locator";"tms";"http://tiles.itoworld.com/os_locator/{zoom}/{x}/{y}.png";"False";"[]";"True";"";"";"";"";"OS-OpenData_Locator"
"OS OpenData StreetView";"tms";"http://os.openstreetmap.org/sv/{zoom}/{x}/{y}.png";"True";"[u'http://tile.openstreetmap.org/{z}/{x}/{y}.png', u'http://gps-a.tile.openstreetmap.org/lines/{z}/{x}/{y}.png']";"";"";"";"";"";"OS-OpenData_StreetView"
"OS Scottish Popular historic";"tms";"http://ooc.openstreetmap.org/npescotland/tiles/{zoom}/{x}/{y}.jpg";"True";"[u'http://tile.openstreetmap.org/{z}/{x}/{y}.png', u'http://gps-a.tile.openstreetmap.org/lines/{z}/{x}/{y}.png']";"";"";"";"";"";"OS-Scottish_Popular-historic"
"Surrey Air Survey";"tms";"http://gravitystorm.dev.openstreetmap.org/surrey/{zoom}/{x}/{y}.png";"True";"[u'http://tile.openstreetmap.org/{z}/{x}/{y}.png', u'http://gps-a.tile.openstreetmap.org/lines/{z}/{x}/{y}.png']";"";"";"";"";"";"Surrey-Air_Survey"
"Budapest district XII ortophoto 2013";"wms";"http://turistautak.openstreetmap.hu/kolesar/wms/Budapest-XII/?FORMAT=image/jpeg&VERSION=1.1.1&SERVICE=WMS&REQUEST=GetMap&LAYERS=Ortofot%C3%B3%202013&STYLES=&SRS={proj}&WIDTH={width}&HEIGHT={height}&BBOX={bbox}";"False";"[]";"";"http://wiki.openstreetmap.org/wiki/WikiProject_Hungary/Ortofot%C3%B3k";"Budapest XII. kerület önkormányzata";"http://www.hegyvidek.hu/";"[u'EPSG:23700']";"Budapest_XII_2013"
"Danube flood ortophoto 2013";"tms";"http://e.tile.openstreetmap.hu/dunai-arviz-2013/{zoom}/{x}/{y}.jpg";"False";"[]";"";"http://wiki.openstreetmap.org/wiki/WikiProject_Hungary/Ortofot%C3%B3k";"Fotótérkép.hu";"http://fototerkep.hu/";"";"Duna_2013"
"FÖMI ortofotó 2000";"tms";"http://e.tile.openstreetmap.hu/ortofoto2000/{zoom}/{x}/{y}.jpg";"False";"[]";"";"http://e.tile.openstreetmap.hu/ortofoto2000/license.txt";"Földmérési és Távérzékelési Intézet";"http://www.fomi.hu/";"";"FOMI_2000"
"FÖMI ortofotó 2005";"tms";"http://e.tile.openstreetmap.hu/ortofoto2005/{zoom}/{x}/{y}.jpg";"False";"[]";"";"http://e.tile.openstreetmap.hu/ortofoto2005/license.txt";"Földmérési és Távérzékelési Intézet";"http://www.fomi.hu/";"";"FOMI_2005"
"Szeged ortophoto 2011";"tms";"http://e.tile.openstreetmap.hu/szeged-2011-10cm/{zoom}/{x}/{y}.png";"False";"[]";"";"http://wiki.openstreetmap.org/wiki/WikiProject_Hungary/Ortofot%C3%B3k";"SZTE TFGT - University of Szeged";"http://www.geo.u-szeged.hu/";"";"Szeged_2011"
"Törökbálint ortophoto 2013";"wms";"http://terkep.torokbalint.hu/mapproxy/service?FORMAT=image/jpeg&VERSION=1.1.1&SERVICE=WMS&REQUEST=GetMap&LAYERS=ORTO_2013_5CM_2013SZEPT_TAKARASSAL_512_512&STYLES=&SRS={proj}&WIDTH={width}&HEIGHT={height}&BBOX={bbox}";"False";"[]";"";"http://wiki.openstreetmap.org/wiki/WikiProject_Hungary/Ortofot%C3%B3k";"Törökbálint";"http://www.torokbalint.hu/";"[u'EPSG:4326', u'EPSG:900913', u'EPSG:23700', u'EPSG:3857']";"Torokbalint-ortophoto-2013"
"Ireland Bartholomew Quarter-Inch 1940";"tms";"http://geo.nls.uk/maps/ireland/bartholomew/{zoom}/{x}/{-y}.png";"False";"[]";"";"";"National Library of Scotland Historic Maps";"http://geo.nls.uk/maps/";"";"bartholomew_qi1940"
"Ireland British War Office 1:25k GSGS 3906";"tms";"http://mapwarper.net/layers/tile/101/{zoom}/{x}/{y}.png";"False";"[]";"";"";"Glucksman Map Library, Trinity College Dublin";"http://wiki.openstreetmap.org/wiki/WikiProject_Ireland#Trinity_College_Dublin";"";"GSGS3906"
"Ireland British War Office One-Inch 1941-43 GSGS 4136";"tms";"http://geo.nls.uk/maps/ireland/gsgs4136/{zoom}/{x}/{-y}.png";"False";"[]";"";"";"National Library of Scotland Historic Maps";"http://geo.nls.uk/maps/";"";"GSGS4136"
"imagico.de OSM images for mapping: Eastern Iceland";"tms";"http://imagico.de/map/osmim_tiles.php?layer=LC82160152013239LGN00&z={zoom}&x={x}&y={-y}";"False";"[]";"";"";"imagico.de OSM images for mapping";"http://maps.imagico.de/#osmim";"";"osmim-imagicode-LC82160152013239LGN00"
"Lodi - Italy";"wms";"http://sit.provincia.lodi.it/mapserver/mapserv.exe?map=ortofoto_wgs84.map&SERVICE=WMS&VERSION=1.1.1&REQUEST=GetMap&SRS={proj}&LAYERS=Terraitaly%20Ortofoto%202007&STYLES=%2C%2C&FORMAT=image/png&TRANSPARENT=TRUE&WIDTH={width}&HEIGHT={height}&BBOX={bbox}";"False";"[]";"";"";"";"";"[u'EPSG:32632', u'EPSG:4326']";"Lodi-Italy"
"Lombardia - Italy (CTR)";"wms";"http://www.cartografia.regione.lombardia.it/ArcGIS10/services/wms/ctr_wms/MapServer/WMSServer?STYLES=&FORMAT=image/jpeg&VERSION=1.1.1&SERVICE=WMS&REQUEST=GetMap&Layers=0&SRS={proj}&WIDTH={width}&HEIGHT={height}&BBOX={bbox}";"False";"[]";"";"";"Regione Lombardia - Infrastruttura per l'informazione territoriale";"http://www.dati.gov.it/iodl/2.0";"[u'EPSG:32632', u'EPSG:4326']";"Lombardia-Italy-CTR"
"Lombardia - Italy (CTR DBT)";"wms";"http://www.cartografia.servizirl.it/arcgis/services/wms/ctr_wms/MapServer/WmsServer?FORMAT=image/jpeg&VERSION=1.1.1&SERVICE=WMS&REQUEST=GetMap&LAYERS=CTR_DBT&STYLES=&SRS={proj}&WIDTH={width}&HEIGHT={height}&BBOX={bbox}";"False";"[]";"";"";"CTR DBT 10000 Regione Lombardia";"http://www.dati.gov.it/iodl/2.0";"[u'EPSG:32632', u'EPSG:4326']";"Lombardia-Italy-CTR-DBT"
"PCN 2006 - Italy";"wms";"http://wms.pcn.minambiente.it/ogc?map=/ms_ogc/WMS_v1.3/raster/ortofoto_colore_06.map&FORMAT=image/png&VERSION=1.1.1&SERVICE=WMS&REQUEST=GetMap&Layers=OI.ORTOIMMAGINI.2006.33,OI.ORTOIMMAGINI.2006.32&STYLES=&SRS={proj}&WIDTH={width}&HEIGHT={height}&BBOX={bbox}";"False";"[]";"";"";"";"";"[u'EPSG:4326']";"PCN-Italy-2006"
"PCN 2008 - IT Lazio+Umbria";"wms";"http://wms.pcn.minambiente.it/ogc?map=/ms_ogc/WMS_v1.3/raster/ortofoto_colore_08.map&FORMAT=image/png&VERSION=1.1.1&SERVICE=WMS&REQUEST=GetMap&Layers=OI.ORTOIMMAGINI.2008.33&STYLES=&SRS={proj}&WIDTH={width}&HEIGHT={height}&BBOX={bbox}";"False";"[]";"";"";"";"";"[u'EPSG:4326']";"PCN-Lazio_Umbria-2008"
"Sicily - Italy";"wms";"http://map.sitr.regione.sicilia.it/ArcGIS/services/WGS84_F33/Ortofoto_ATA20072008_f33/MapServer/WMSServer?FORMAT=image/jpeg&VERSION=1.1.1&SERVICE=WMS&REQUEST=GetMap&Layers=0&STYLES=default&SRS={proj}&WIDTH={width}&HEIGHT={height}&BBOX={bbox}";"False";"[]";"";"";"";"";"[u'CRS:84', u'EPSG:4326', u'EPSG:32633']";"Sicily-ATA2007"
"South Tyrol Orthofoto 2011";"tms";"http://geoservices.buergernetz.bz.it/geoserver/gwc/service/wmts/?SERVICE=WMTS&REQUEST=GetTile&VERSION=1.0.0&LAYER=P_BZ_OF_2011_EPSG3857&STYLE=default&TILEMATRIXSET=GoogleMapsCompatible&TILEMATRIX=GoogleMapsCompatible%3A{zoom}&TILEROW={y}&TILECOL={x}&FORMAT=image%2Fjpeg";"False";"[]";"";"";"© Autonomen Provinz Bozen/Provincia Autonoma di Bolzano CC-BY 3.0";"http://geoservices.buergernetz.bz.it/geokatalog/";"";"South-Tyrol-Orthofoto2011"
"South Tyrol Orthofoto 2011 (highres)";"wms";"http://geoservices.buergernetz.bz.it/geoserver/ows?SERVICE=WMS&FORMAT=image/jpeg&VERSION=1.1.1&SERVICE=WMS&REQUEST=GetMap&LAYERS=P_BZ_OF_2011_EPSG3857,P_BZ_OF_2011_20cm_EPSG3857&STYLES=&SRS={proj}&WIDTH={width}&HEIGHT={height}&BBOX={bbox}";"False";"[]";"";"";"© Autonomen Provinz Bozen/Provincia Autonoma di Bolzano CC-BY 3.0";"http://geoservices.buergernetz.bz.it/geokatalog/";"[u'EPSG:3857']";"South-Tyrol-Orthofoto2011-20cm"
"South Tyrol Orthofoto 2014";"tms";"http://geoservices.buergernetz.bz.it/geoserver/gwc/service/wmts/?SERVICE=WMTS&REQUEST=GetTile&VERSION=1.0.0&LAYER=P_BZ_OF_2014_EPSG3857&STYLE=default&TILEMATRIXSET=GoogleMapsCompatible&TILEMATRIX=GoogleMapsCompatible%3A{zoom}&TILEROW={y}&TILECOL={x}&FORMAT=image%2Fjpeg";"False";"[]";"";"";"© Autonomen Provinz Bozen/Provincia Autonoma di Bolzano CC-BY 3.0";"http://geoservices.buergernetz.bz.it/geokatalog/";"";"South-Tyrol-Orthofoto2014"
"South Tyrol Topomap";"tms";"http://geoservices.buergernetz.bz.it/geoserver/gwc/service/wmts/?SERVICE=WMTS&REQUEST=GetTile&VERSION=1.0.0&LAYER=P_BZ_BASEMAP_TOPO&STYLE=default&TILEMATRIXSET=GoogleMapsCompatible&TILEMATRIX=GoogleMapsCompatible%3A{zoom}&TILEROW={y}&TILECOL={x}&FORMAT=image%2Fjpeg";"False";"[]";"";"";"© Autonomen Provinz Bozen/Provincia Autonoma di Bolzano";"http://geoservices.buergernetz.bz.it/geokatalog/";"";"South-Tyrol-Topomap"
"Lithuania - NŽT ORT10LT";"tms";"http://mapproxy.openmap.lt/ort10lt/g/{zoom}/{x}/{y}.jpeg";"False";"[]";"";"";"NŽT ORT10LT";"http://www.geoportal.lt";"";"ORT10LT"
"Luxembourg Geoportail Basemap";"tms";"https://{switch:wmts3,wmts4}.geoportail.lu/opendata/wmts/basemap/GLOBAL_WEBMERCATOR_4_V3/{zoom}/{x}/{y}.png";"False";"[]";"";"https://data.public.lu/en/datasets/carte-de-base-webservices-wms-et-wmts/";"Administration du Cadastre et de la Topographie";"https://data.public.lu/en/datasets/carte-de-base-webservices-wms-et-wmts/";"";"lu.geoportail.opendata.basemap"
"Luxembourg Geoportail Cadastre";"tms";"https://{switch:wmts3,wmts4}.geoportail.lu/opendata/wmts/cadastre/GLOBAL_WEBMERCATOR_4_V3/{zoom}/{x}/{y}.png";"False";"[]";"";"https://data.public.lu/en/datasets/plan-cadastral-numerise-pcn-webservices-wms-et-wmts/";"Administration du Cadastre et de la Topographie";"https://data.public.lu/en/datasets/plan-cadastral-numerise-pcn-webservices-wms-et-wmts/";"";"lu.geoportail.opendata.cadastre"
"Luxembourg Geoportail Ortho 2010";"tms";"https://{switch:wmts3,wmts4}.geoportail.lu/opendata/wmts/ortho_2010/GLOBAL_WEBMERCATOR_4_V3/{zoom}/{x}/{y}.jpeg";"False";"[]";"";"https://data.public.lu/en/datasets/bd-l-ortho-webservices-wms-et-wmts";"Administration du Cadastre et de la Topographie";"https://data.public.lu/en/datasets/bd-l-ortho-webservices-wms-et-wmts";"";"lu.geoportail.opendata.ortho2010"
"Luxembourg Geoportail Ortho 2013";"tms";"https://{switch:wmts3,wmts4}.geoportail.lu/opendata/wmts/ortho_2013/GLOBAL_WEBMERCATOR_4_V3/{zoom}/{x}/{y}.jpeg";"False";"[]";"";"https://data.public.lu/en/datasets/bd-l-ortho-webservices-wms-et-wmts";"Administration du Cadastre et de la Topographie";"https://data.public.lu/en/datasets/bd-l-ortho-webservices-wms-et-wmts";"";"lu.geoportail.opendata.ortho2013"
"Luxembourg Geoportail Topographical Map";"tms";"https://{switch:wmts3,wmts4}.geoportail.lu/opendata/wmts/topo/GLOBAL_WEBMERCATOR_4_V3/{zoom}/{x}/{y}.png";"False";"[]";"";"https://data.public.lu/en/datasets/cartes-topographiques-services-wms-et-wmts/";"Administration du Cadastre et de la Topographie";"https://data.public.lu/en/datasets/cartes-topographiques-services-wms-et-wmts/";"";"lu.geoportail.opendata.topo"
"20cm ortho - Coastline";"wms";"http://www.gisnet.lv/cgi-bin/osm_latvia?FORMAT=image/jpeg&VERSION=1.1.1&SERVICE=WMS&REQUEST=GetMap&Layers=piekraste&SRS={proj}&WIDTH={width}&height={height}&BBOX={bbox}";"False";"[]";"";"";"Piekrastes ortofoto, 2007, © Latvijas vides aizsardzības fonds";"";"";"Latvia-ortho-Coastline-20cm"
"50cm ortho - Latvia";"wms";"http://www.gisnet.lv/cgi-bin/osm_latvia?FORMAT=image/jpeg&VERSION=1.1.1&SERVICE=WMS&REQUEST=GetMap&Layers=ortobildes&SRS={proj}&WIDTH={width}&height={height}&BBOX={bbox}";"False";"[]";"";"";"Ortofoto 1:10000, 2007.-2008. gads, © Latvijas Ģeotelpiskās informācijas aģentūra";"";"";"Latvia-ortho-50cm"
"USSR - Latvia";"wms";"http://www.gisnet.lv/cgi-bin/topo?FORMAT=image/jpeg&VERSION=1.1.1&service=WMS&REQUEST=GetMap&LAYERS=DTO,DTC,DIVDPTC,PD,VS,DS,PS,M&SRS={proj}&WIDTH={width}&height={height}&BBOX={bbox}";"False";"[]";"";"";"";"";"";"USSR-Latvia"
"Geoportal.gov.pl (Orthophotomap)";"tms";"http://wms.misek.pl/geoportal.orto/tms/{zoom}/{x}/{y}";"False";"[]";"";"";"Copyright © Główny Urząd Geodezji i Kartografii.";"";"";"Geoportal-PL-aerial_image"
"Freemap.sk Car";"tms";"http://t{switch:1,2,3,4}.freemap.sk/A/{zoom}/{x}/{y}.jpeg";"False";"[]";"";"";"Copyright ©2007-2012 Freemap Slovakia (www.freemap.sk). Some rights reserved.";"";"";"Freemap.sk-Car"
"Freemap.sk Cyclo";"tms";"http://t{switch:1,2,3,4}.freemap.sk/C/{zoom}/{x}/{y}.jpeg";"False";"[]";"";"";"Copyright ©2007-2012 Freemap Slovakia (www.freemap.sk). Some rights reserved.";"";"";"Freemap.sk-Cyclo"
"Freemap.sk Hiking";"tms";"http://t{switch:1,2,3,4}.freemap.sk/T/{zoom}/{x}/{y}.jpeg";"False";"[]";"";"";"Copyright ©2007-2012 Freemap Slovakia (www.freemap.sk). Some rights reserved.";"";"";"Freemap.sk-Hiking"
"Freemap.sk Ski";"tms";"http://t{switch:1,2,3,4}.freemap.sk/K/{zoom}/{x}/{y}.jpeg";"False";"[]";"";"";"Copyright ©2007-2012 Freemap Slovakia (www.freemap.sk). Some rights reserved.";"";"";"Freemap.sk-Ski"
"Slovakia Historic Maps";"tms";"http://tms.freemap.sk/historicke/{zoom}/{x}/{y}.png";"False";"[]";"";"";"";"";"";"Slovakia-Historic-Maps"
"imagico.de OSM images for mapping: Bouvet Island";"tms";"http://imagico.de/map/osmim_tiles.php?layer=LC81800982013291LGN00&z={zoom}&x={x}&y={-y}";"False";"[]";"";"";"imagico.de OSM images for mapping";"http://maps.imagico.de/#osmim";"";"osmim-imagicode-LC81800982013291LGN00"
"British Columbia Mosaic";"tms";"http://{switch:a,b,c,d}.imagery.paulnorman.ca/tiles/bc_mosaic/{zoom}/{x}/{y}.png";"False";"[]";"";"";"Copyright Province of British Columbia, City of Surrey";"http://imagery.paulnorman.ca/tiles/about.html";"";"British_Columbia_Mosaic"
"Canvec";"wms";"http://wms.sst-sw.rncan.gc.ca/wms/toporama_fr?REQUEST=GetMap&SERVICE=wms&VERSION=1.1.1&EXCEPTIONS=application/vnd.ogc.se_inimage&SRS={proj}&FORMAT=image/png&transparent=true&layers=SCW-Toporama&WIDTH={width}&height={height}&BBOX={bbox}";"False";"[]";"";"";"";"";"[u'EPSG:4326', u'EPSG:900913']";"Canvec"
"Geobase Hydrography";"wms";"http://ows.geobase.ca/wms/geobase_en?service=wms&request=GetMap&version=1.1.1&SRS={proj}&style=&format=image/png&transparent=true&layers=nhn:hydrography,nhn:network&WIDTH={width}&height={height}&BBOX={bbox}";"False";"[]";"";"";"";"";"[u'EPSG:4326', u'EPSG:900913']";"Geobase_Hydrography"
"Geobase Roads";"wms";"http://ows.geobase.ca/wms/geobase_en?service=wms&request=GetMap&version=1.1.1&SRS={proj}&style=&format=image/png&transparent=true&layers=nrn:addressrange,nrn:streetnames,nrn:streetnames:streetnames_primary,nrn:streetnames:streetnames_secondary,nrn:streetnames:streetnames_other,nhn:hydrography,nrn:roadnetwork&WIDTH={width}&height={height}&BBOX={bbox}";"False";"[]";"";"";"";"";"[u'EPSG:4326', u'EPSG:900913']";"Geobase_Roads"
"Kelowna 2012";"tms";"http://{switch:a,b,c,d}.tile.paulnorman.ca/kelowna2012/{zoom}/{x}/{y}.png";"False";"[]";"";"http://opendatacommons.org/licenses/pddl/summary/";"";"";"";"kelowna_2012"
"Kelowna Roads overlay";"tms";"http://{switch:a,b,c,d}.tile.paulnorman.ca/kelowna_overlay/{zoom}/{x}/{y}.png";"False";"[]";"True";"http://opendatacommons.org/licenses/pddl/summary/";"";"";"";"kelowna_roads"
"Latest southwest British Columbia Landsat";"tms";"http://{switch:a,b,c,d}.tile.paulnorman.ca/landsat_047026/{zoom}/{x}/{y}.png";"False";"[]";"";"Public Domain";"";"";"";"landsat_047026"
"imagico.de OSM images for mapping: Eastern Devon Island coast";"tms";"http://imagico.de/map/osmim_tiles.php?layer=LC80360072014245LGN00&z={zoom}&x={x}&y={-y}";"False";"[]";"";"";"imagico.de OSM images for mapping";"http://maps.imagico.de/#osmim";"";"osmim-imagicode-LC80360072014245LGN00"
"imagico.de OSM images for mapping: Northern Ellesmere Island";"tms";"http://imagico.de/map/osmim_tiles.php?layer=nellesmere_ast&z={zoom}&x={x}&y={-y}";"False";"[]";"";"";"imagico.de OSM images for mapping";"http://maps.imagico.de/#osmim";"";"osmim-imagicode-nellesmere_ast"
"imagico.de OSM images for mapping: Qasigiannguit";"tms";"http://imagico.de/map/osmim_tiles.php?layer=DMS_1142622_03746_20110415_17533956&z={zoom}&x={x}&y={-y}";"False";"[]";"";"";"imagico.de OSM images for mapping";"http://maps.imagico.de/#osmim";"";"osmim-imagicode-DMS_1142622_03746_20110415_17533956"
"imagico.de OSM images for mapping: Thule Air Base";"tms";"http://imagico.de/map/osmim_tiles.php?layer=DMS_1142636_160xx_20110507_1822xxxx&z={zoom}&x={x}&y={-y}";"False";"[]";"";"";"imagico.de OSM images for mapping";"http://maps.imagico.de/#osmim";"";"osmim-imagicode-DMS_1142636_160xx_20110507_1822xxxx"
"imagico.de OSM images for mapping: Greenland mosaic";"tms";"http://imagico.de/map/osmim_tiles.php?layer=greenland&z={zoom}&x={x}&y={-y}";"False";"[]";"";"";"imagico.de OSM images for mapping";"http://maps.imagico.de/#osmim";"";"osmim-imagicode-greenland"
"imagico.de OSM images for mapping: May 2013 off-nadir Landsat";"tms";"http://imagico.de/map/osmim_tiles.php?layer=ls_polar&z={zoom}&x={x}&y={-y}";"False";"[]";"";"";"imagico.de OSM images for mapping";"http://maps.imagico.de/#osmim";"";"osmim-imagicode-ls_polar"
"imagico.de OSM images for mapping: Northern Greenland ASTER";"tms";"http://imagico.de/map/osmim_tiles.php?layer=ngreenland_ast&z={zoom}&x={x}&y={-y}";"False";"[]";"";"";"imagico.de OSM images for mapping";"http://maps.imagico.de/#osmim";"";"osmim-imagicode-ngreenland_ast"
"Imagerie Drone (Haiti)";"tms";"http://wms.openstreetmap.fr/tms/1.0.0/iomhaiti/{zoom}/{x}/{y}";"True";"[u'http://a.tile.openstreetmap.fr/osmfr/{z}/{x}/{y}.png', u'http://a.tile.openstreetmap.fr/hot/{z}/{x}/{y}.png']";"";"";"";"";"";"Haiti-Drone"
"MSR Maps Topo";"wms";"http://msrmaps.com/ogcmap.ashx?version=1.1.1&request=GetMap&Layers=drg&styles=&format=image/jpeg&srs={proj}&width={width}&height={height}&bbox={bbox}";"False";"[]";"";"";"";"";"[u'EPSG:26904', u'EPSG:26905', u'EPSG:26906', u'EPSG:26907', u'EPSG:26908', u'EPSG:26909', u'EPSG:26910', u'EPSG:26911', u'EPSG:26913', u'EPSG:26914', u'EPSG:26915', u'EPSG:26916', u'EPSG:26917', u'EPSG:26918', u'EPSG:26919', u'EPSG:26920', u'EPSG:4326', u'USDA:ALBERS-US', u'USDA:ALBERS-AK']";"MSR_Maps-Topo"
"MSR Maps Urban";"wms";"http://msrmaps.com/ogcmap.ashx?version=1.1.1&request=GetMap&Layers=urbanarea&styles=&format=image/jpeg&srs={proj}&width={width}&height={height}&bbox={bbox}";"False";"[]";"";"";"";"";"[u'EPSG:26904', u'EPSG:26905', u'EPSG:26906', u'EPSG:26907', u'EPSG:26908', u'EPSG:26909', u'EPSG:26910', u'EPSG:26911', u'EPSG:26913', u'EPSG:26914', u'EPSG:26915', u'EPSG:26916', u'EPSG:26917', u'EPSG:26918', u'EPSG:26919', u'EPSG:26920', u'EPSG:4326', u'USDA:ALBERS-US', u'USDA:ALBERS-AK']";"MSR_Maps-Urban"
"TIGER 2012 Roads Overlay";"tms";"http://{switch:a,b,c}.tile.openstreetmap.us/tiger2012_roads_expanded/{zoom}/{x}/{y}.png";"False";"[]";"True";"";"";"";"";"OSM-US-TIGER-Roads_Overlay-2012"
"New & Misaligned TIGER Roads";"tms";"http://{switch:a,b,c}.tiles.mapbox.com/v4/enf.e0b8291e/{zoom}/{x}/{y}.png?access_token=pk.eyJ1Ijoib3BlbnN0cmVldG1hcCIsImEiOiJhNVlHd29ZIn0.ti6wATGDWOmCnCYen-Ip7Q";"True";"[u'http://api.tiles.mapbox.com/v4/mapbox.light/{z}/{x}/{y}.png?access_token=pk.eyJ1IjoibWFwYm94IiwiYSI6IlhHVkZmaW8ifQ.hAMX5hSW-QnTeRCMAy9A8Q', u'https://api.mapbox.com/v4/mapbox.satellite/{z}/{x}/{y}.png?access_token=pk.eyJ1IjoiaGFzdCIsImEiOiJjaWZlemZzcXgwMGZidGprbnB2cDlhM2ZmIn0.tGGwfSOhjensuUsfMOIY7A']";"True";"";"";"";"";"New_and_Misaligned_TIGER_Roads-2013"
"U.S. Forest Service roads";"tms";"http://osm.cycle.travel/forest/{zoom}/{x}/{y}.png";"False";"[]";"";"";"";"";"";"US_Forest_Service_roads"
"USGS Large Scale Imagery";"tms";"http://{switch:a,b,c}.tile.openstreetmap.us/usgs_large_scale/{zoom}/{x}/{y}.jpg";"False";"[]";"";"";"";"";"";"USGS-Large_Scale"
"USGS Topographic Maps";"tms";"http://{switch:a,b,c}.tile.openstreetmap.us/usgs_scanned_topos/{zoom}/{x}/{y}.png";"False";"[]";"";"";"";"";"";"USGS-Scanned_Topographic"
"Delaware 2012 Orthophotography";"tms";"http://whoots.mapwarper.net/tms/{zoom}/{x}/{y}/0/https://firstmap.delaware.gov/arcgis/services/DE_Imagery/DE_Imagery_2012/ImageServer/WMSServer";"False";"[]";"";"";"Digital Aerial Solutions, LLC";"https://firstmap.delaware.gov/arcgis/rest/services/DE_Imagery/DE_Imagery_2012/ImageServer";"";"Delaware2012Orthophotography"
"MD 2014 6 Inch Aerial Imagery";"tms";"http://whoots.mapwarper.net/tms/{zoom}/{x}/{y}/MD_SixInchImagery/http://geodata.md.gov/imap/services/Imagery/MD_SixInchImagery/MapServer/WmsServer";"False";"[]";"";"";"DoIT, MD iMap, MDP";"http://imap.maryland.gov/Pages/imagery-products.aspx";"";"geodata.md.gov-MD_SixInchImagery"
"MD Three Inch Aerial Imagery";"wms";"http://geodata.md.gov/imap/services/Imagery/MD_ThreeInchImagery/MapServer/WmsServer?FORMAT=image/jpeg&VERSION=1.1.1&SERVICE=WMS&REQUEST=GetMap&LAYERS=MD_ThreeInchImagery&STYLES=&SRS={proj}&WIDTH={width}&HEIGHT={height}&BBOX={bbox}";"False";"[]";"";"";"DoIT, MD iMap, MDP";"http://imap.maryland.gov/Pages/imagery-products.aspx";"[u'EPSG:2248', u'EPSG:3857', u'EPSG:4326', u'EPSG:26985']";"geodata.md.gov-MD_ThreeInchImagery"
"MD Transportation Basemap";"tms";"http://whoots.mapwarper.net/tms/{zoom}/{x}/{y}/MD_ColorBasemap/http://geodata.md.gov/imap/services/Transportation/MD_ColorBasemap/MapServer/WmsServer";"False";"[]";"";"";"DoIT, MD iMap, MDP";"http://imap.maryland.gov/Pages/imagery-products.aspx";"";"geodata.md.gov-MD_ColorBasemap"
"NC Latest Orthoimagery";"wms";"http://services.nconemap.com/arcgis/services/Imagery/Orthoimagery_Latest/ImageServer/WMSServer?FORMAT=image/jpeg&VERSION=1.1.1&SERVICE=WMS&REQUEST=GetMap&LAYERS=Orthoimagery_Latest&STYLES=&SRS={proj}&WIDTH={width}&HEIGHT={height}&BBOX={bbox}";"False";"[]";"";"";"";"";"[u'EPSG:2264', u'EPSG:2264', u'EPSG:3358', u'EPSG:3359', u'EPSG:3404', u'EPSG:3631', u'EPSG:3632', u'EPSG:3857', u'EPSG:4326', u'EPSG:26917', u'EPSG:32019', u'EPSG:32119', u'EPSG:102100']";"NC-US"
"NJ 2015 Aerial Imagery (Infrared)";"tms";"http://whoots.mapwarper.net/tms/{zoom}/{x}/{y}/Infrared2015/http://geodata.state.nj.us/imagerywms/Infrared2015";"False";"[]";"";"";"NJ Office of Information Technology (NJOIT), Office of Geographic Information Systems (OGIS)";"https://njgin.state.nj.us/NJ_NJGINExplorer/ShowMetadata.jsp?docId={E30775F2-6370-4525-8E68-C371ED29BBB3}";"";"geodata.state.nj.us-Infrared2015"
"NJ 2015 Aerial Imagery (Natural Color)";"tms";"http://whoots.mapwarper.net/tms/{zoom}/{x}/{y}/Natural2015/http://geodata.state.nj.us/imagerywms/Natural2015";"False";"[]";"";"";"NJ Office of Information Technology (NJOIT), Office of Geographic Information Systems (OGIS)";"https://njgin.state.nj.us/NJ_NJGINExplorer/ShowMetadata.jsp?docId={CDC67AB8-ADA1-4B4B-9087-67A82CB9151C}";"";"geodata.state.nj.us-Natural2015"
"imagico.de OSM images for mapping: Alaska Range";"tms";"http://imagico.de/map/osmim_tiles.php?layer=LC80700162014211LGN00&z={zoom}&x={x}&y={-y}";"False";"[]";"";"";"imagico.de OSM images for mapping";"http://maps.imagico.de/#osmim";"";"osmim-imagicode-LC80700162014211LGN00"
"Philadelphia 2015 Imagery";"wms";"http://maps.pasda.psu.edu/arcgis/services/pasda/PhiladelphiaImagery2015/MapServer/WmsServer?FORMAT=image/jpeg&VERSION=1.1.1&SERVICE=WMS&REQUEST=GetMap&LAYERS=1&STYLES=&SRS={proj}&WIDTH={width}&HEIGHT={height}&BBOX={bbox}";"False";"[]";"";"";"";"http://www.pasda.psu.edu/";"[u'EPSG:2272', u'EPSG:3857', u'EPSG:4326']";"Philadelphia2015Imagery"
"Texas Orthophoto";"tms";"https://txgi.tnris.org/login/path/ecology-fiona-poem-romeo/wmts?SERVICE=WMTS&REQUEST=GetTile&VERSION=1.0.0&LAYER=texas&STYLE=&FORMAT=image/png&tileMatrixSet=0to20&tileMatrix=0to20:{zoom}&tileRow={y}&tileCol={x}";"False";"[]";"";"";"";"https://tnris.org/maps-and-data/online-mapping-services/";"";"tnris.org"
"2013 aerial imagery for San Juan County WA";"tms";"http://sjcgis.org/arcgis/rest/services/Basemaps/Aerials_2013_WM/MapServer/tile/{zoom}/{y}/{x}";"False";"[]";"";"";"";"";"";"sjcgis.org-Aerials_2013_WM"
"Vector Streetmap for San Juan County WA";"tms";"http://sjcgis.org/arcgis/rest/services/Basemaps/General_Basemap_WM/MapServer/tile/{zoom}/{y}/{x}";"False";"[]";"";"";"";"";"";"sjcgis.org-General_Basemap_WM"
"IBGE Distrito Federal";"tms";"https://api.mapbox.com/styles/v1/wille/cirnnxni1000jg8nfppc8g7pm/tiles/256/{zoom}/{x}/{y}?access_token=pk.eyJ1Ijoid2lsbGUiLCJhIjoicFNVWk5VWSJ9.hluCd0YGvYHNlFi_utWe2g";"True";"[u'http://api.tiles.mapbox.com/v4/mapbox.light/{z}/{x}/{y}.png?access_token=pk.eyJ1IjoibWFwYm94IiwiYSI6IlhHVkZmaW8ifQ.hAMX5hSW-QnTeRCMAy9A8Q', u'https://api.mapbox.com/v4/mapbox.satellite/{z}/{x}/{y}.png?access_token=pk.eyJ1IjoiaGFzdCIsImEiOiJjaWZlemZzcXgwMGZidGprbnB2cDlhM2ZmIn0.tGGwfSOhjensuUsfMOIY7A']";"True";"";"";"";"";"IBGE_DF_Addresses"
"IBGE Mapa de Setores Rurais";"tms";"http://{switch:a,b,c}.tiles.mapbox.com/v4/tmpsantos.i00mo1kj/{zoom}/{x}/{y}.png?access_token=pk.eyJ1Ijoib3BlbnN0cmVldG1hcCIsImEiOiJncjlmd0t3In0.DmZsIeOW-3x-C5eX-wAqTw";"True";"[u'http://api.tiles.mapbox.com/v4/mapbox.light/{z}/{x}/{y}.png?access_token=pk.eyJ1IjoibWFwYm94IiwiYSI6IlhHVkZmaW8ifQ.hAMX5hSW-QnTeRCMAy9A8Q', u'https://api.mapbox.com/v4/mapbox.satellite/{z}/{x}/{y}.png?access_token=pk.eyJ1IjoiaGFzdCIsImEiOiJjaWZlemZzcXgwMGZidGprbnB2cDlhM2ZmIn0.tGGwfSOhjensuUsfMOIY7A']";"";"https://wiki.openstreetmap.org/wiki/IBGE_Tile_Layer";"";"";"";"IBGE_Setores_Rurais"
"IBGE Mapa de Setores Urbanos";"tms";"http://{switch:a,b,c}.tiles.mapbox.com/v4/tmpsantos.hgda0m6h/{zoom}/{x}/{y}.png?access_token=pk.eyJ1Ijoib3BlbnN0cmVldG1hcCIsImEiOiJncjlmd0t3In0.DmZsIeOW-3x-C5eX-wAqTw";"True";"[u'http://api.tiles.mapbox.com/v4/mapbox.light/{z}/{x}/{y}.png?access_token=pk.eyJ1IjoibWFwYm94IiwiYSI6IlhHVkZmaW8ifQ.hAMX5hSW-QnTeRCMAy9A8Q', u'https://api.mapbox.com/v4/mapbox.satellite/{z}/{x}/{y}.png?access_token=pk.eyJ1IjoiaGFzdCIsImEiOiJjaWZlemZzcXgwMGZidGprbnB2cDlhM2ZmIn0.tGGwfSOhjensuUsfMOIY7A']";"";"https://wiki.openstreetmap.org/wiki/IBGE_Tile_Layer";"";"";"";"IBGE_Setores_Urbanos"
"Rio Mosaic 2013";"wms";"http://geo.rio.rj.gov.br/ArcGIS/services/Imagens/Mosaico_2013/MapServer/WMSServer?FORMAT=image/jpeg&VERSION=1.1.1&SERVICE=WMS&REQUEST=GetMap&LAYERS=1&STYLES=&SRS={proj}&WIDTH={width}&HEIGHT={height}&BBOX={bbox}";"False";"[]";"";"http://data.rio/about";"Instituto Pereira Passos - Prefeitura da Cidade do Rio de Janeiro.";"http://pgeo3.rio.rj.gov.br/arcgis/rest/services/Imagens/Mosaico_2013_UTM/MapServer";"[u'EPSG:4326', u'EPSG:29193']";"rio2013"
"Rio Mosaic 2015";"wms";"http://pgeo3.rio.rj.gov.br/arcgis/services/Imagens/Mosaico_2015_UTM/MapServer/WmsServer?FORMAT=image/jpeg&VERSION=1.1.1&SERVICE=WMS&REQUEST=GetMap&LAYERS=0&STYLES=&SRS={proj}&WIDTH={width}&HEIGHT={height}&BBOX={bbox}";"False";"[]";"";"http://data.rio/about";"Instituto Pereira Passos - Prefeitura da Cidade do Rio de Janeiro.";"http://pgeo3.rio.rj.gov.br/arcgis/rest/services/Imagens/Mosaico_2015_UTM/MapServer";"[u'EPSG:4326', u'EPSG:29193']";"rio2015"
"imagico.de OSM images for mapping: Isla Londonderry";"tms";"http://imagico.de/map/osmim_tiles.php?layer=LC82280982013259LGN00&z={zoom}&x={x}&y={-y}";"False";"[]";"";"";"imagico.de OSM images for mapping";"http://maps.imagico.de/#osmim";"";"osmim-imagicode-LC82280982013259LGN00"
"imagico.de OSM images for mapping: Volcán Calbuco";"tms";"http://imagico.de/map/osmim_tiles.php?layer=LC82330892016031LGN00&z={zoom}&x={x}&y={-y}";"False";"[]";"";"";"imagico.de OSM images for mapping";"http://maps.imagico.de/#osmim";"";"osmim-imagicode-LC82330892016031LGN00"
"imagico.de OSM images for mapping: El Altar";"tms";"http://imagico.de/map/osmim_tiles.php?layer=AST_L1T_00302052007154424_20150518041444_91492&z={zoom}&x={x}&y={-y}";"False";"[]";"";"";"imagico.de OSM images for mapping";"http://maps.imagico.de/#osmim";"";"osmim-imagicode-AST_L1T_00302052007154424_20150518041444_91492"
"imagico.de OSM images for mapping: Leskov Island ASTER";"tms";"http://imagico.de/map/osmim_tiles.php?layer=AST_L1T_00311162013112731_20150618142416_109190&z={zoom}&x={x}&y={-y}";"False";"[]";"";"";"imagico.de OSM images for mapping";"http://maps.imagico.de/#osmim";"";"osmim-imagicode-AST_L1T_00311162013112731_20150618142416_109190"
"imagico.de OSM images for mapping: Scott Island";"tms";"http://imagico.de/map/osmim_tiles.php?layer=LC80611072014036LGN00&z={zoom}&x={x}&y={-y}";"False";"[]";"";"";"imagico.de OSM images for mapping";"http://maps.imagico.de/#osmim";"";"osmim-imagicode-LC80611072014036LGN00"
"imagico.de OSM images for mapping: Leskov Island Landsat";"tms";"http://imagico.de/map/osmim_tiles.php?layer=LC81991002015286LGN00&z={zoom}&x={x}&y={-y}";"False";"[]";"";"";"imagico.de OSM images for mapping";"http://maps.imagico.de/#osmim";"";"osmim-imagicode-LC81991002015286LGN00"
"imagico.de OSM images for mapping: Clerke Rocks";"tms";"http://imagico.de/map/osmim_tiles.php?layer=LC82050982015344LGN00&z={zoom}&x={x}&y={-y}";"False";"[]";"";"";"imagico.de OSM images for mapping";"http://maps.imagico.de/#osmim";"";"osmim-imagicode-LC82050982015344LGN00"
"imagico.de OSM images for mapping: Shag Rocks";"tms";"http://imagico.de/map/osmim_tiles.php?layer=LC82100972015347LGN00&z={zoom}&x={x}&y={-y}";"False";"[]";"";"";"imagico.de OSM images for mapping";"http://maps.imagico.de/#osmim";"";"osmim-imagicode-LC82100972015347LGN00"
"imagico.de OSM images for mapping: Panama Canal";"tms";"http://imagico.de/map/osmim_tiles.php?layer=S2A_R111_N09_20160604T154554&z={zoom}&x={x}&y={-y}";"False";"[]";"";"";"imagico.de OSM images for mapping";"http://maps.imagico.de/#osmim";"";"osmim-imagicode-S2A_R111_N09_20160604T154554"
"imagico.de OSM images for mapping: Willkanuta Mountains and Quelccaya Ice Cap";"tms";"http://imagico.de/map/osmim_tiles.php?layer=S2A_R039_S15_20160510T145731&z={zoom}&x={x}&y={-y}";"False";"[]";"";"";"imagico.de OSM images for mapping";"http://maps.imagico.de/#osmim";"";"osmim-imagicode-S2A_R039_S15_20160510T145731"
"Landsat 233055";"tms";"http://{switch:a,b,c,d}.tile.paulnorman.ca/landsat_233055/{zoom}/{x}/{y}.png";"False";"[]";"";"Public Domain";"";"";"";"landsat_233055"
"Bing aerial imagery";"bing";"http://www.bing.com/maps/";"False";"[]";"";"";"";"";"";"Bing"
"Hike & Bike";"tms";"http://{switch:a,b,c}.tiles.wmflabs.org/hikebike/{zoom}/{x}/{y}.png";"True";"[u'http://a.tiles.wmflabs.org/bw-mapnik/{z}/{x}/{y}.png', u'http://a.tiles.wmflabs.org/bw-mapnik/{z}/{x}/{y}.png', u'http://a.tiles.wmflabs.org/osm-no-labels/{z}/{x}/{y}.png', u'http://a.tiles.wmflabs.org/osm/{z}/{x}/{y}.png']";"";"";"© OpenStreetMap contributors";"https://www.openstreetmap.org/copyright";"";"hike_n_bike"
"Landsat";"wms";"http://irs.gis-lab.info/?layers=landsat&SRS={proj}&WIDTH={width}&HEIGHT={height}&BBOX={bbox}";"False";"[]";"";"";"";"";"[u'NASA:4326', u'EPSG:32641', u'EPSG:3857', u'EPSG:3785', u'EPSG:32642', u'EPSG:32640', u'EPSG:4326', u'EPSG:900913', u'EPSG:3395', u'EPSG:32639', u'EPSG:32638', u'EPSG:32637', u'EPSG:32636', u'EPSG:32635']";"landsat"
"Locator Overlay";"tms";"http://{switch:a,b,c}.tiles.mapbox.com/v4/openstreetmap.map-inh76ba2/{zoom}/{x}/{y}.png?access_token=pk.eyJ1Ijoib3BlbnN0cmVldG1hcCIsImEiOiJncjlmd0t3In0.DmZsIeOW-3x-C5eX-wAqTw";"True";"[u'http://api.tiles.mapbox.com/v4/mapbox.light/{z}/{x}/{y}.png?access_token=pk.eyJ1IjoibWFwYm94IiwiYSI6IlhHVkZmaW8ifQ.hAMX5hSW-QnTeRCMAy9A8Q', u'https://api.mapbox.com/v4/mapbox.satellite/{z}/{x}/{y}.png?access_token=pk.eyJ1IjoiaGFzdCIsImEiOiJjaWZlemZzcXgwMGZidGprbnB2cDlhM2ZmIn0.tGGwfSOhjensuUsfMOIY7A']";"True";"";"Terms & Feedback";"http://www.mapbox.com/about/maps/";"";"mapbox_locator_overlay"
"Mapbox Satellite";"tms";"http://{switch:a,b,c}.tiles.mapbox.com/v4/openstreetmap.map-inh7ifmo/{zoom}/{x}/{y}.png?access_token=pk.eyJ1Ijoib3BlbnN0cmVldG1hcCIsImEiOiJncjlmd0t3In0.DmZsIeOW-3x-C5eX-wAqTw";"True";"[u'http://api.tiles.mapbox.com/v4/mapbox.light/{z}/{x}/{y}.png?access_token=pk.eyJ1IjoibWFwYm94IiwiYSI6IlhHVkZmaW8ifQ.hAMX5hSW-QnTeRCMAy9A8Q', u'https://api.mapbox.com/v4/mapbox.satellite/{z}/{x}/{y}.png?access_token=pk.eyJ1IjoiaGFzdCIsImEiOiJjaWZlemZzcXgwMGZidGprbnB2cDlhM2ZmIn0.tGGwfSOhjensuUsfMOIY7A']";"";"";"Terms & Feedback";"http://www.mapbox.com/about/maps/";"";"Mapbox"
"OSM Inspector: Addresses";"tms";"http://tools.geofabrik.de/osmi/tiles/addresses/{zoom}/{x}/{y}.png";"False";"[]";"True";"";"© Geofabrik GmbH, OpenStreetMap contributors, CC-BY-SA";"http://tools.geofabrik.de/osmi/";"";"OSM_Inspector-Addresses"
"OSM Inspector: Geometry";"tms";"http://tools.geofabrik.de/osmi/tiles/geometry/{zoom}/{x}/{y}.png";"False";"[]";"True";"";"© Geofabrik GmbH, OpenStreetMap contributors, CC-BY-SA";"http://tools.geofabrik.de/osmi/";"";"OSM_Inspector-Geometry"
"OSM Inspector: Highways";"tms";"http://tools.geofabrik.de/osmi/tiles/highways/{zoom}/{x}/{y}.png";"False";"[]";"True";"";"© Geofabrik GmbH, OpenStreetMap contributors, CC-BY-SA";"http://tools.geofabrik.de/osmi/";"";"OSM_Inspector-Highways"
"OSM Inspector: Area";"tms";"http://tools.geofabrik.de/osmi/tiles/area/{zoom}/{x}/{y}.png";"False";"[]";"True";"";"© Geofabrik GmbH, OpenStreetMap contributors, CC-BY-SA";"http://tools.geofabrik.de/osmi/";"";"OSM_Inspector-Multipolygon"
"OSM Inspector: Places";"tms";"http://tools.geofabrik.de/osmi/tiles/places/{zoom}/{x}/{y}.png";"False";"[]";"True";"";"© Geofabrik GmbH, OpenStreetMap contributors, CC-BY-SA";"http://tools.geofabrik.de/osmi/";"";"OSM_Inspector-Places"
"OSM Inspector: Routing";"tms";"http://tools.geofabrik.de/osmi/tiles/routing/{zoom}/{x}/{y}.png";"False";"[]";"True";"";"© Geofabrik GmbH, OpenStreetMap contributors, CC-BY-SA";"http://tools.geofabrik.de/osmi/";"";"OSM_Inspector-Routing"
"OSM Inspector: Tagging";"tms";"http://tools.geofabrik.de/osmi/tiles/tagging/{zoom}/{x}/{y}.png";"False";"[]";"True";"";"© Geofabrik GmbH, OpenStreetMap contributors, CC-BY-SA";"http://tools.geofabrik.de/osmi/";"";"OSM_Inspector-Tagging"
"OpenPT Map (overlay)";"tms";"http://openptmap.de/tiles/{zoom}/{x}/{y}.png";"False";"[]";"True";"";"© OpenStreetMap contributors, CC-BY-SA";"http://openstreetmap.org/";"";"openpt_map"
"OpenStreetMap GPS traces";"tms";"http://{switch:a,b,c}.gps-tile.openstreetmap.org/lines/{zoom}/{x}/{y}.png";"True";"[u'http://tile.openstreetmap.org/{z}/{x}/{y}.png', u'http://gps-a.tile.openstreetmap.org/lines/{z}/{x}/{y}.png']";"True";"";"© OpenStreetMap contributors";"http://www.openstreetmap.org/copyright";"";"osm-gps"
"OpenStreetMap (German Style)";"tms";"http://{switch:a,b,c,d}.tile.openstreetmap.de/tiles/osmde/{zoom}/{x}/{y}.png";"True";"[u'http://a.tile.openstreetmap.de/tiles/osmde/{z}/{x}/{y}.png', u'http://a.tile.openstreetmap.de:8002/tiles/1.0.0/bg//{z}/{x}/{y}.png']";"";"";"© OpenStreetMap contributors, CC-BY-SA";"http://openstreetmap.org/";"";"osm-mapnik-german_style"
"OpenStreetMap (Standard)";"tms";"https://{switch:a,b,c}.tile.openstreetmap.org/{zoom}/{x}/{y}.png";"True";"[u'http://tile.openstreetmap.org/{z}/{x}/{y}.png', u'http://gps-a.tile.openstreetmap.org/lines/{z}/{x}/{y}.png']";"";"";"© OpenStreetMap contributors, CC-BY-SA";"https://openstreetmap.org/";"";"MAPNIK"
"OpenStreetMap (Standard Black & White)";"tms";"https://tiles.wmflabs.org/bw-mapnik/{zoom}/{x}/{y}.png";"True";"[u'http://a.tiles.wmflabs.org/bw-mapnik/{z}/{x}/{y}.png', u'http://a.tiles.wmflabs.org/bw-mapnik/{z}/{x}/{y}.png', u'http://a.tiles.wmflabs.org/osm-no-labels/{z}/{x}/{y}.png', u'http://a.tiles.wmflabs.org/osm/{z}/{x}/{y}.png']";"";"";"© OpenStreetMap contributors, CC-BY-SA";"http://openstreetmap.org/";"";"osm-mapnik-black_and_white"
"QA No Address";"tms";"http://tile3.poole.ch/noaddress/{zoom}/{x}/{y}.png";"False";"[]";"True";"";"Simon Poole, Data ©OpenStreetMap contributors";"http://qa.poole.ch/";"";"qa_no_address"
"skobbler";"tms";"http://tiles{switch:1,2,3,4}-4001b3692e229e3215c9b7a73e528198.skobblermaps.com/TileService/tiles/2.0/00021210101/0/{zoom}/{x}/{y}.png";"False";"[]";"";"";"© Tiles: skobbler Map data: OpenStreetMap contributors";"http://maps.skobbler.com";"";"skobbler"
"Stamen Terrain";"tms";"http://{switch:a,b,c,d}.tile.stamen.com/terrain-background/{zoom}/{x}/{y}.jpg";"True";"[u'http://a.tile.stamen.com/terrain/{z}/{x}/{y}.png', u'http://a.tile.stamen.com/terrain-background/{z}/{x}/{y}.png', u'http://a.tile.stamen.com/terrain-labels/{z}/{x}/{y}.png', u'http://a.tile.stamen.com/terrain-lines/{z}/{x}/{y}.png', u'http://tile.stamen.com/toner/{z}/{x}/{y}.png', u'http://tile.stamen.com/toner-background/{z}/{x}/{y}.png', u'http://tile.stamen.com/toner-hybrid/{z}/{x}/{y}.png', u'http://tile.stamen.com/toner-labels/{z}/{x}/{y}.png', u'http://tile.stamen.com/toner-lite/{z}/{x}/{y}.png', u'http://tile.stamen.com/toner/{z}/{x}/{y}@2x.png', u'http://tile.stamen.com/watercolor/{z}/{x}/{y}.jpg']";"";"";"Map tiles by Stamen Design, under CC BY 3.0";"http://maps.stamen.com/#terrain";"";"stamen-terrain-background"
"Thunderforest Landscape";"tms";"https://{switch:a,b,c}.tile.thunderforest.com/landscape/{zoom}/{x}/{y}.png";"True";"[u'http://a.tile.thunderforest.com/cycle/{z}/{x}/{y}.png', u'http://tile.thunderforest.com/outdoors/{z}/{x}/{y}.png', u'http://tile.thunderforest.com/outdoors/{z}/{x}/{y}.png', u'http://tile.thunderforest.com/transport-dark/{z}/{x}/{y}.png', u'http://tile.thunderforest.com/transport/{z}/{x}/{y}.png', u'https://a.tile.thunderforest.com/spinal-map/{z}/{x}/{y}.png']";"";"";"Maps © Thunderforest, Data © OpenStreetMap contributors";"http://www.thunderforest.com/terms/";"";"tf-landscape"
"Thunderforest OpenCycleMap";"tms";"https://{switch:a,b,c}.tile.thunderforest.com/cycle/{zoom}/{x}/{y}.png";"True";"[u'http://a.tile.thunderforest.com/cycle/{z}/{x}/{y}.png', u'http://tile.thunderforest.com/outdoors/{z}/{x}/{y}.png', u'http://tile.thunderforest.com/outdoors/{z}/{x}/{y}.png', u'http://tile.thunderforest.com/transport-dark/{z}/{x}/{y}.png', u'http://tile.thunderforest.com/transport/{z}/{x}/{y}.png', u'https://a.tile.thunderforest.com/spinal-map/{z}/{x}/{y}.png']";"";"";"Maps © Thunderforest, Data © OpenStreetMap contributors";"http://www.thunderforest.com/terms/";"";"tf-cycle"
"Waymarked Trails: Cycling";"tms";"http://tile.waymarkedtrails.org/cycling/{zoom}/{x}/{y}.png";"False";"[]";"True";"";"© Sarah Hoffmann, CC by-SA 3.0, map data OpenStreetMap contributors, ODbL 1.0";"http://cycling.waymarkedtrails.org/en/help/legal";"";"Waymarked_Trails-Cycling"
"Waymarked Trails: Hiking";"tms";"http://tile.waymarkedtrails.org/hiking/{zoom}/{x}/{y}.png";"False";"[]";"True";"";"© Sarah Hoffmann, CC by-SA 3.0, map data OpenStreetMap contributors, ODbL 1.0";"http://hiking.waymarkedtrails.org/en/help/legal";"";"Waymarked_Trails-Hiking"
"Waymarked Trails: MTB";"tms";"http://tile.waymarkedtrails.org/mtb/{zoom}/{x}/{y}.png";"False";"[]";"True";"";"© Sarah Hoffmann, CC by-SA 3.0, map data OpenStreetMap contributors, ODbL 1.0";"http://mtb.waymarkedtrails.org/en/help/legal";"";"Waymarked_Trails-MTB"
"Waymarked Trails: Skating";"tms";"http://tile.waymarkedtrails.org/skating/{zoom}/{x}/{y}.png";"False";"[]";"True";"";"© Sarah Hoffmann, CC by-SA 3.0, map data OpenStreetMap contributors, ODbL 1.0";"http://skating.waymarkedtrails.org/en/help/legal";"";"Waymarked_Trails-Skating"
"Waymarked Trails: Winter Sports";"tms";"http://tile.waymarkedtrails.org/slopemap/{zoom}/{x}/{y}.png";"False";"[]";"True";"";"© Michael Spreng, CC by-SA 3.0, map data OpenStreetMap contributors, ODbL 1.0";"http://slopemap.waymarkedtrails.org/en/help/legal";"";"Waymarked_Trails-Winter_Sports"
